==========================================================================================
DAY 13 - RATIO EDGE CASE LOG
==========================================================================================
Generated: 2026-08-29 12:23:11

CLASSIFICATION RULES
------------------------------------------------------------------------------------------
ROCE/ROE differences greater than 5% were reviewed against the available source data.
Extreme discrepancies are categorized as DATA SOURCE ISSUE when the underlying source values are clearly inconsistent in scale.
The ratio-engine calculated value is retained for analytics.
The source ROE/ROCE value is treated as a display/reference value.

==========================================================================================
ROCE ANOMALIES (>5%)
==========================================================================================
ABB             2012-12    Computed=31.2210 Source=46.0000 Diff=14.7790 Category=data source issue
ABB             2014-03    Computed=33.8832 Source=46.0000 Diff=12.1168 Category=data source issue
ABB             2015-03    Computed=33.2978 Source=46.0000 Diff=12.7022 Category=data source issue
ABB             2016-03    Computed=30.5439 Source=46.0000 Diff=15.4561 Category=data source issue
ABB             2017-03    Computed=28.6950 Source=46.0000 Diff=17.3050 Category=data source issue
ABB             2018-03    Computed=31.0100 Source=46.0000 Diff=14.9900 Category=data source issue
ABB             2019-03    Computed=30.1295 Source=46.0000 Diff=15.8705 Category=data source issue
ABB             2020-03    Computed=29.0483 Source=46.0000 Diff=16.9517 Category=data source issue
ABB             2021-03    Computed=33.4664 Source=46.0000 Diff=12.5336 Category=data source issue
ABB             2022-03    Computed=36.4065 Source=46.0000 Diff=9.5935 Category=data source issue
ABB             2023-03    Computed=36.5344 Source=46.0000 Diff=9.4656 Category=data source issue
ABB             2024-03    Computed=38.4188 Source=46.0000 Diff=7.5812 Category=data source issue
ADANIENSOL      2014-03    Computed=0.0000 Source=9.0000 Diff=9.0000 Category=data source issue
ADANIENSOL      2015-03    Computed=0.9366 Source=9.0000 Diff=8.0634 Category=data source issue
ADANIENSOL      2016-03    Computed=17.1182 Source=9.0000 Diff=8.1182 Category=data source issue
ADANIENSOL      2017-03    Computed=16.6331 Source=9.0000 Diff=7.6331 Category=data source issue
ADANIENSOL      2018-03    Computed=17.1429 Source=9.0000 Diff=8.1429 Category=data source issue
ADANIENT        2016-03    Computed=5.1741 Source=11.6000 Diff=6.4259 Category=data source issue
ADANIENT        2017-03    Computed=5.4371 Source=11.6000 Diff=6.1629 Category=data source issue
ADANIENT        2018-03    Computed=6.2275 Source=11.6000 Diff=5.3725 Category=data source issue
ADANIENT        2022-03    Computed=5.8158 Source=11.6000 Diff=5.7842 Category=data source issue
ADANIGREEN      2017-03    Computed=7.2613 Source=96.5000 Diff=89.2387 Category=data source issue
ADANIGREEN      2018-03    Computed=7.5234 Source=96.5000 Diff=88.9766 Category=data source issue
ADANIGREEN      2019-03    Computed=11.6711 Source=96.5000 Diff=84.8289 Category=data source issue
ADANIGREEN      2020-03    Computed=8.4190 Source=96.5000 Diff=88.0810 Category=data source issue
ADANIGREEN      2021-03    Computed=8.4857 Source=96.5000 Diff=88.0143 Category=data source issue
ADANIGREEN      2022-03    Computed=6.3341 Source=96.5000 Diff=90.1659 Category=data source issue
ADANIGREEN      2023-03    Computed=8.0778 Source=96.5000 Diff=88.4222 Category=data source issue
ADANIGREEN      2024-03    Computed=9.7976 Source=96.5000 Diff=86.7024 Category=data source issue
ADANIPOWER      2013-03    Computed=2.0830 Source=32.2000 Diff=30.1170 Category=data source issue
ADANIPOWER      2014-03    Computed=9.0604 Source=32.2000 Diff=23.1396 Category=data source issue
ADANIPOWER      2015-03    Computed=9.2694 Source=32.2000 Diff=22.9306 Category=data source issue
ADANIPOWER      2016-03    Computed=14.6220 Source=32.2000 Diff=17.5780 Category=data source issue
ADANIPOWER      2017-03    Computed=10.7779 Source=32.2000 Diff=21.4221 Category=data source issue
ADANIPOWER      2018-03    Computed=10.1184 Source=32.2000 Diff=22.0816 Category=data source issue
ADANIPOWER      2019-03    Computed=9.1110 Source=32.2000 Diff=23.0890 Category=data source issue
ADANIPOWER      2020-03    Computed=9.2964 Source=32.2000 Diff=22.9036 Category=data source issue
ADANIPOWER      2021-03    Computed=13.2374 Source=32.2000 Diff=18.9626 Category=data source issue
ADANIPOWER      2022-03    Computed=14.6164 Source=32.2000 Diff=17.5836 Category=data source issue
ADANIPOWER      2023-03    Computed=13.9783 Source=32.2000 Diff=18.2217 Category=data source issue
ADANIPOWER      2024-03    Computed=23.4411 Source=32.2000 Diff=8.7589 Category=data source issue
AMBUJACEM       2012-12    Computed=27.9214 Source=12.8000 Diff=15.1214 Category=data source issue
AMBUJACEM       2014-12    Computed=19.1409 Source=12.8000 Diff=6.3409 Category=data source issue
AMBUJACEM       2017-12    Computed=18.6413 Source=12.8000 Diff=5.8413 Category=data source issue
AMBUJACEM       2018-12    Computed=17.8983 Source=12.8000 Diff=5.0983 Category=data source issue
AMBUJACEM       2019-12    Computed=19.0597 Source=12.8000 Diff=6.2597 Category=data source issue
AMBUJACEM       2020-12    Computed=21.5516 Source=12.8000 Diff=8.7516 Category=data source issue
AMBUJACEM       2021-12    Computed=24.0409 Source=12.8000 Diff=11.2409 Category=data source issue
APOLLOHOSP      2016-03    Computed=11.0931 Source=17.2000 Diff=6.1069 Category=data source issue
APOLLOHOSP      2017-03    Computed=11.3993 Source=17.2000 Diff=5.8007 Category=data source issue
APOLLOHOSP      2018-03    Computed=11.9928 Source=17.2000 Diff=5.2072 Category=data source issue
APOLLOHOSP      2020-03    Computed=22.9383 Source=17.2000 Diff=5.7383 Category=data source issue
APOLLOHOSP      2022-03    Computed=22.5880 Source=17.2000 Diff=5.3880 Category=data source issue
ASIANPAINT      2013-03    Computed=47.7854 Source=41.7500 Diff=6.0354 Category=data source issue
ASIANPAINT      2017-03    Computed=36.6732 Source=41.7500 Diff=5.0768 Category=data source issue
ASIANPAINT      2018-03    Computed=35.8269 Source=41.7500 Diff=5.9231 Category=data source issue
ASIANPAINT      2019-03    Computed=34.8902 Source=41.7500 Diff=6.8598 Category=data source issue
ASIANPAINT      2021-03    Computed=34.9378 Source=41.7500 Diff=6.8122 Category=data source issue
ASIANPAINT      2022-03    Computed=31.1968 Source=41.7500 Diff=10.5532 Category=data source issue
ASIANPAINT      2023-03    Computed=34.9233 Source=41.7500 Diff=6.8267 Category=data source issue
ASIANPAINT      2024-03    Computed=35.7749 Source=41.7500 Diff=5.9751 Category=data source issue
ATGL            2018-03    Computed=15.5019 Source=21.2000 Diff=5.6981 Category=data source issue
ATGL            2019-03    Computed=30.4144 Source=21.2000 Diff=9.2144 Category=data source issue
ATGL            2020-03    Computed=31.3323 Source=21.2000 Diff=10.1323 Category=data source issue
ATGL            2021-03    Computed=28.5830 Source=21.2000 Diff=7.3830 Category=data source issue
BAJAJ-AUTO      2013-03    Computed=44.6889 Source=33.5000 Diff=11.1889 Category=data source issue
BAJAJ-AUTO      2014-03    Computed=40.7100 Source=33.5000 Diff=7.2100 Category=data source issue
BAJAJ-AUTO      2017-03    Computed=24.6384 Source=33.5000 Diff=8.8616 Category=data source issue
BAJAJ-AUTO      2018-03    Computed=23.5861 Source=33.5000 Diff=9.9139 Category=data source issue
BAJAJ-AUTO      2019-03    Computed=22.2536 Source=33.5000 Diff=11.2464 Category=data source issue
BAJAJ-AUTO      2020-03    Computed=23.4487 Source=33.5000 Diff=10.0513 Category=data source issue
BAJAJ-AUTO      2021-03    Computed=18.0258 Source=33.5000 Diff=15.4742 Category=data source issue
BAJAJ-AUTO      2022-03    Computed=17.5405 Source=33.5000 Diff=15.9595 Category=data source issue
BAJAJ-AUTO      2023-03    Computed=21.9257 Source=33.5000 Diff=11.5743 Category=data source issue
BAJAJ-AUTO      2024-03    Computed=28.3896 Source=33.5000 Diff=5.1104 Category=data source issue
BAJAJFINSV      2014-03    Computed=15.5835 Source=21.1400 Diff=5.5565 Category=data source issue
BAJAJFINSV      2015-03    Computed=14.7349 Source=21.1400 Diff=6.4051 Category=data source issue
BAJAJFINSV      2016-03    Computed=13.5700 Source=21.1400 Diff=7.5700 Category=data source issue
BAJAJFINSV      2017-03    Computed=13.5226 Source=21.1400 Diff=7.6174 Category=data source issue
BAJAJFINSV      2018-03    Computed=12.5183 Source=21.1400 Diff=8.6217 Category=data source issue
BAJAJFINSV      2019-03    Computed=12.1763 Source=21.1400 Diff=8.9637 Category=data source issue
BAJAJFINSV      2020-03    Computed=11.5182 Source=21.1400 Diff=9.6218 Category=data source issue
BAJAJFINSV      2021-03    Computed=11.9550 Source=21.1400 Diff=9.1850 Category=data source issue
BAJAJFINSV      2022-03    Computed=10.6516 Source=21.1400 Diff=10.4884 Category=data source issue
BAJAJFINSV      2023-03    Computed=11.5467 Source=21.1400 Diff=9.5933 Category=data source issue
BAJAJFINSV      2024-03    Computed=11.7064 Source=21.1400 Diff=9.4336 Category=data source issue
BAJAJHLDNG      2013-03    Computed=3.1126 Source=13.1000 Diff=9.9874 Category=data source issue
BAJAJHLDNG      2014-03    Computed=3.3336 Source=13.1000 Diff=9.7664 Category=data source issue
BAJAJHLDNG      2015-03    Computed=3.6138 Source=13.1000 Diff=9.4862 Category=data source issue
BAJAJHLDNG      2016-03    Computed=2.8052 Source=13.1000 Diff=10.2948 Category=data source issue
BAJAJHLDNG      2017-03    Computed=3.5245 Source=13.1000 Diff=9.5755 Category=data source issue
BAJAJHLDNG      2018-03    Computed=1.4087 Source=13.1000 Diff=11.6913 Category=data source issue
BAJAJHLDNG      2019-03    Computed=1.2875 Source=13.1000 Diff=11.8125 Category=data source issue
BAJAJHLDNG      2020-03    Computed=1.0777 Source=13.1000 Diff=12.0223 Category=data source issue
BAJAJHLDNG      2021-03    Computed=0.9436 Source=13.1000 Diff=12.1564 Category=data source issue
BAJAJHLDNG      2022-03    Computed=0.8544 Source=13.1000 Diff=12.2456 Category=data source issue
BAJAJHLDNG      2023-03    Computed=0.8583 Source=13.1000 Diff=12.2417 Category=data source issue
BAJAJHLDNG      2024-03    Computed=2.8761 Source=13.1000 Diff=10.2239 Category=data source issue
BAJFINANCE      2015-03    Computed=5.5699 Source=11.9000 Diff=6.3301 Category=data source issue
BAJFINANCE      2016-03    Computed=5.2956 Source=11.9000 Diff=6.6044 Category=data source issue
BAJFINANCE      2017-03    Computed=5.5225 Source=11.9000 Diff=6.3775 Category=data source issue
BAJFINANCE      2018-03    Computed=4.9936 Source=11.9000 Diff=6.9064 Category=data source issue
BAJFINANCE      2019-03    Computed=4.4968 Source=11.9000 Diff=7.4032 Category=data source issue
BAJFINANCE      2020-03    Computed=5.6490 Source=11.9000 Diff=6.2510 Category=data source issue
BAJFINANCE      2021-03    Computed=6.4307 Source=11.9000 Diff=5.4693 Category=data source issue
BAJFINANCE      2022-03    Computed=5.6857 Source=11.9000 Diff=6.2143 Category=data source issue
BAJFINANCE      2023-03    Computed=4.6827 Source=11.9000 Diff=7.2173 Category=data source issue
BAJFINANCE      2024-03    Computed=4.3506 Source=11.9000 Diff=7.5494 Category=data source issue
BEL             2013-03    Computed=2230.0000 Source=34.6000 Diff=2195.4000 Category=data source issue
BEL             2014-03    Computed=3303.5714 Source=34.6000 Diff=3268.9714 Category=data source issue
BEL             2015-03    Computed=3572.7273 Source=34.6000 Diff=3538.1273 Category=data source issue
BEL             2016-03    Computed=3764.8649 Source=34.6000 Diff=3730.2649 Category=data source issue
BEL             2017-03    Computed=4072.7273 Source=34.6000 Diff=4038.1273 Category=data source issue
BEL             2018-03    Computed=2581.0127 Source=34.6000 Diff=2546.4127 Category=data source issue
BEL             2019-03    Computed=3030.2083 Source=34.6000 Diff=2995.6083 Category=data source issue
BEL             2020-03    Computed=2786.8687 Source=34.6000 Diff=2752.2687 Category=data source issue
BEL             2021-03    Computed=2975.9259 Source=34.6000 Diff=2941.3259 Category=data source issue
BEL             2022-03    Computed=2633.0709 Source=34.6000 Diff=2598.4709 Category=data source issue
BEL             2023-03    Computed=3587.7193 Source=34.6000 Diff=3553.1193 Category=data source issue
BEL             2024-03    Computed=3977.1654 Source=34.6000 Diff=3942.5654 Category=data source issue
BHARTIARTL      2013-03    Computed=19.6142 Source=13.1000 Diff=6.5142 Category=data source issue
BHARTIARTL      2014-03    Computed=19.5441 Source=13.1000 Diff=6.4441 Category=data source issue
BHARTIARTL      2015-03    Computed=27.2761 Source=13.1000 Diff=14.1761 Category=data source issue
BHARTIARTL      2016-03    Computed=20.2991 Source=13.1000 Diff=7.1991 Category=data source issue
BHARTIARTL      2017-03    Computed=20.2180 Source=13.1000 Diff=7.1180 Category=data source issue
BHARTIARTL      2021-03    Computed=20.4200 Source=13.1000 Diff=7.3200 Category=data source issue
BHARTIARTL      2022-03    Computed=24.3549 Source=13.1000 Diff=11.2549 Category=data source issue
BHARTIARTL      2023-03    Computed=23.4776 Source=13.1000 Diff=10.3776 Category=data source issue
BHARTIARTL      2024-03    Computed=26.2539 Source=13.1000 Diff=13.1539 Category=data source issue
BHEL            2013-03    Computed=28.5229 Source=3.2800 Diff=25.2429 Category=data source issue
BHEL            2014-03    Computed=12.0933 Source=3.2800 Diff=8.8133 Category=data source issue
BHEL            2016-03    Computed=-4.1720 Source=3.2800 Diff=7.4520 Category=data source issue
BHEL            2021-03    Computed=-9.8565 Source=3.2800 Diff=13.1365 Category=data source issue
BOSCHLTD        2015-03    Computed=26.5621 Source=20.6000 Diff=5.9621 Category=data source issue
BOSCHLTD        2021-03    Computed=11.7748 Source=20.6000 Diff=8.8252 Category=data source issue
BOSCHLTD        2022-03    Computed=13.5861 Source=20.6000 Diff=7.0139 Category=data source issue
BPCL            2013-03    Computed=13.4363 Source=32.1000 Diff=18.6637 Category=data source issue
BPCL            2014-03    Computed=17.9001 Source=32.1000 Diff=14.1999 Category=data source issue
BPCL            2015-03    Computed=20.3521 Source=32.1000 Diff=11.7479 Category=data source issue
BPCL            2016-03    Computed=25.3429 Source=32.1000 Diff=6.7571 Category=data source issue
BPCL            2017-03    Computed=20.7126 Source=32.1000 Diff=11.3874 Category=data source issue
BPCL            2018-03    Computed=20.6212 Source=32.1000 Diff=11.4788 Category=data source issue
BPCL            2019-03    Computed=18.0757 Source=32.1000 Diff=14.0243 Category=data source issue
BPCL            2020-03    Computed=8.7983 Source=32.1000 Diff=23.3017 Category=data source issue
BPCL            2021-03    Computed=19.4297 Source=32.1000 Diff=12.6703 Category=data source issue
BPCL            2022-03    Computed=16.4352 Source=32.1000 Diff=15.6648 Category=data source issue
BPCL            2023-03    Computed=8.8683 Source=32.1000 Diff=23.2317 Category=data source issue
BRITANNIA       2014-03    Computed=66.1392 Source=48.9000 Diff=17.2392 Category=data source issue
BRITANNIA       2015-03    Computed=62.5899 Source=48.9000 Diff=13.6899 Category=data source issue
BRITANNIA       2016-03    Computed=55.0607 Source=48.9000 Diff=6.1607 Category=data source issue
BRITANNIA       2018-03    Computed=41.6135 Source=48.9000 Diff=7.2865 Category=data source issue
BRITANNIA       2019-03    Computed=39.2833 Source=48.9000 Diff=9.6167 Category=data source issue
BRITANNIA       2020-03    Computed=31.0217 Source=48.9000 Diff=17.8783 Category=data source issue
BRITANNIA       2022-03    Computed=43.6793 Source=48.9000 Diff=5.2207 Category=data source issue
BRITANNIA       2023-03    Computed=43.3471 Source=48.9000 Diff=5.5529 Category=data source issue
CHOLAFIN        2013-03    Computed=3.9951 Source=10.4000 Diff=6.4049 Category=data source issue
CHOLAFIN        2014-03    Computed=4.5772 Source=10.4000 Diff=5.8228 Category=data source issue
CHOLAFIN        2015-03    Computed=4.6895 Source=10.4000 Diff=5.7105 Category=data source issue
CHOLAFIN        2016-03    Computed=4.8291 Source=10.4000 Diff=5.5709 Category=data source issue
CHOLAFIN        2017-03    Computed=4.6600 Source=10.4000 Diff=5.7400 Category=data source issue
CHOLAFIN        2018-03    Computed=3.3391 Source=10.4000 Diff=7.0609 Category=data source issue
CHOLAFIN        2019-03    Computed=2.8745 Source=10.4000 Diff=7.5255 Category=data source issue
CHOLAFIN        2020-03    Computed=3.8304 Source=10.4000 Diff=6.5696 Category=data source issue
CHOLAFIN        2021-03    Computed=3.9725 Source=10.4000 Diff=6.4275 Category=data source issue
CHOLAFIN        2022-03    Computed=3.6149 Source=10.4000 Diff=6.7851 Category=data source issue
CHOLAFIN        2023-03    Computed=3.2416 Source=10.4000 Diff=7.1584 Category=data source issue
CHOLAFIN        2024-03    Computed=3.4952 Source=10.4000 Diff=6.9048 Category=data source issue
CIPLA           2013-03    Computed=60.7350 Source=22.8000 Diff=37.9350 Category=data source issue
CIPLA           2014-03    Computed=71.0328 Source=22.8000 Diff=48.2328 Category=data source issue
CIPLA           2015-03    Computed=73.4346 Source=22.8000 Diff=50.6346 Category=data source issue
CIPLA           2016-03    Computed=67.6476 Source=22.8000 Diff=44.8476 Category=data source issue
CIPLA           2017-03    Computed=71.4294 Source=22.8000 Diff=48.6294 Category=data source issue
CIPLA           2018-03    Computed=67.2723 Source=22.8000 Diff=44.4723 Category=data source issue
CIPLA           2019-03    Computed=68.6310 Source=22.8000 Diff=45.8310 Category=data source issue
CIPLA           2020-03    Computed=74.9556 Source=22.8000 Diff=52.1556 Category=data source issue
CIPLA           2021-03    Computed=73.2891 Source=22.8000 Diff=50.4891 Category=data source issue
CIPLA           2022-03    Computed=78.5998 Source=22.8000 Diff=55.7998 Category=data source issue
CIPLA           2023-03    Computed=73.2177 Source=22.8000 Diff=50.4177 Category=data source issue
CIPLA           2024-03    Computed=71.4579 Source=22.8000 Diff=48.6579 Category=data source issue
COALINDIA       2013-03    Computed=100.8819 Source=63.6000 Diff=37.2819 Category=data source issue
COALINDIA       2014-03    Computed=124.0947 Source=63.6000 Diff=60.4947 Category=data source issue
COALINDIA       2015-03    Computed=139.2925 Source=63.6000 Diff=75.6925 Category=data source issue
COALINDIA       2016-03    Computed=164.1513 Source=63.6000 Diff=100.5513 Category=data source issue
COALINDIA       2017-03    Computed=238.6895 Source=63.6000 Diff=175.0895 Category=data source issue
COALINDIA       2018-03    Computed=349.7698 Source=63.6000 Diff=286.1698 Category=data source issue
COALINDIA       2019-03    Computed=260.1744 Source=63.6000 Diff=196.5744 Category=data source issue
COALINDIA       2020-03    Computed=193.0502 Source=63.6000 Diff=129.4502 Category=data source issue
COALINDIA       2021-03    Computed=168.3836 Source=63.6000 Diff=104.7836 Category=data source issue
COALINDIA       2022-03    Computed=182.1699 Source=63.6000 Diff=118.5699 Category=data source issue
COALINDIA       2023-03    Computed=144.2600 Source=63.6000 Diff=80.6600 Category=data source issue
COALINDIA       2024-03    Computed=105.7130 Source=63.6000 Diff=42.1130 Category=data source issue
DABUR           2013-03    Computed=30.5607 Source=22.3000 Diff=8.2607 Category=data source issue
DABUR           2014-03    Computed=34.5422 Source=22.3000 Diff=12.2422 Category=data source issue
DABUR           2015-03    Computed=32.2896 Source=22.3000 Diff=9.9896 Category=data source issue
DABUR           2016-03    Computed=30.5064 Source=22.3000 Diff=8.2064 Category=data source issue
DABUR           2019-03    Computed=27.4838 Source=22.3000 Diff=5.1838 Category=data source issue
DIVISLAB        2013-03    Computed=32.2021 Source=16.5000 Diff=15.7021 Category=data source issue
DIVISLAB        2014-03    Computed=34.1382 Source=16.5000 Diff=17.6382 Category=data source issue
DIVISLAB        2015-03    Computed=33.2955 Source=16.5000 Diff=16.7955 Category=data source issue
DIVISLAB        2016-03    Computed=32.8258 Source=16.5000 Diff=16.3258 Category=data source issue
DIVISLAB        2017-03    Computed=26.8867 Source=16.5000 Diff=10.3867 Category=data source issue
DIVISLAB        2019-03    Computed=26.5326 Source=16.5000 Diff=10.0326 Category=data source issue
DIVISLAB        2020-03    Computed=24.8469 Source=16.5000 Diff=8.3469 Category=data source issue
DIVISLAB        2021-03    Computed=30.8280 Source=16.5000 Diff=14.3280 Category=data source issue
DIVISLAB        2022-03    Computed=33.1146 Source=16.5000 Diff=16.6146 Category=data source issue
DMART           2016-03    Computed=24.4748 Source=19.4000 Diff=5.0748 Category=data source issue
DMART           2018-03    Computed=26.4879 Source=19.4000 Diff=7.0879 Category=data source issue
DMART           2019-03    Computed=25.9742 Source=19.4000 Diff=6.5742 Category=data source issue
DMART           2021-03    Computed=13.8745 Source=19.4000 Diff=5.5255 Category=data source issue
DRREDDY         2017-03    Computed=14.3888 Source=26.5000 Diff=12.1112 Category=data source issue
DRREDDY         2018-03    Computed=13.3254 Source=26.5000 Diff=13.1746 Category=data source issue
DRREDDY         2019-03    Computed=17.7920 Source=26.5000 Diff=8.7080 Category=data source issue
DRREDDY         2020-03    Computed=13.9087 Source=26.5000 Diff=12.5913 Category=data source issue
DRREDDY         2021-03    Computed=18.7403 Source=26.5000 Diff=7.7597 Category=data source issue
DRREDDY         2022-03    Computed=16.6755 Source=26.5000 Diff=9.8245 Category=data source issue
EICHERMOT       2014-12    Computed=43.4343 Source=31.1000 Diff=12.3343 Category=data source issue
EICHERMOT       2016-03    Computed=45.9739 Source=31.1000 Diff=14.8739 Category=data source issue
EICHERMOT       2017-03    Computed=39.8387 Source=31.1000 Diff=8.7387 Category=data source issue
EICHERMOT       2018-03    Computed=39.1171 Source=31.1000 Diff=8.0171 Category=data source issue
EICHERMOT       2020-03    Computed=21.3392 Source=31.1000 Diff=9.7608 Category=data source issue
EICHERMOT       2021-03    Computed=15.2955 Source=31.1000 Diff=15.8045 Category=data source issue
EICHERMOT       2022-03    Computed=17.1280 Source=31.1000 Diff=13.9720 Category=data source issue
EICHERMOT       2023-03    Computed=22.5553 Source=31.1000 Diff=8.5447 Category=data source issue
EICHERMOT       2024-03    Computed=23.4456 Source=31.1000 Diff=7.6544 Category=data source issue
GAIL            2019-03    Computed=20.6063 Source=14.7000 Diff=5.9063 Category=data source issue
GAIL            2022-03    Computed=20.6750 Source=14.7000 Diff=5.9750 Category=data source issue
GAIL            2023-03    Computed=9.0642 Source=14.7000 Diff=5.6358 Category=data source issue
GODREJCP        2013-03    Computed=17.2474 Source=26.4900 Diff=9.2426 Category=data source issue
GODREJCP        2014-03    Computed=19.0143 Source=26.4900 Diff=7.4757 Category=data source issue
GODREJCP        2015-03    Computed=19.6215 Source=26.4900 Diff=6.8685 Category=data source issue
GODREJCP        2017-03    Computed=20.4988 Source=26.4900 Diff=5.9912 Category=data source issue
GODREJCP        2018-03    Computed=21.3393 Source=26.4900 Diff=5.1507 Category=data source issue
GODREJCP        2019-03    Computed=20.0207 Source=26.4900 Diff=6.4693 Category=data source issue
GODREJCP        2020-03    Computed=18.7745 Source=26.4900 Diff=7.7155 Category=data source issue
GODREJCP        2021-03    Computed=21.2245 Source=26.4900 Diff=5.2655 Category=data source issue
GODREJCP        2022-03    Computed=18.1674 Source=26.4900 Diff=8.3226 Category=data source issue
GODREJCP        2023-03    Computed=16.3696 Source=26.4900 Diff=10.1204 Category=data source issue
GODREJCP        2024-03    Computed=18.6915 Source=26.4900 Diff=7.7985 Category=data source issue
GRASIM          2013-03    Computed=20.2828 Source=9.3000 Diff=10.9828 Category=data source issue
GRASIM          2014-03    Computed=15.7049 Source=9.3000 Diff=6.4049 Category=data source issue
GRASIM          2015-03    Computed=14.6678 Source=9.3000 Diff=5.3678 Category=data source issue
GRASIM          2016-03    Computed=14.8019 Source=9.3000 Diff=5.5019 Category=data source issue
GRASIM          2017-03    Computed=18.1946 Source=9.3000 Diff=8.8946 Category=data source issue
HAL             2016-03    Computed=1795.6522 Source=38.9000 Diff=1756.7522 Category=data source issue
HAL             2017-03    Computed=2397.0370 Source=38.9000 Diff=2358.1370 Category=data source issue
HAL             2018-03    Computed=2601.5038 Source=38.9000 Diff=2562.6038 Category=data source issue
HAL             2019-03    Computed=3240.4255 Source=38.9000 Diff=3201.5255 Category=data source issue
HAL             2020-03    Computed=3485.7143 Source=38.9000 Diff=3446.8143 Category=data source issue
HAL             2021-03    Computed=3560.6667 Source=38.9000 Diff=3521.7667 Category=data source issue
HAL             2022-03    Computed=3284.8485 Source=38.9000 Diff=3245.9485 Category=data source issue
HAL             2023-03    Computed=2977.2321 Source=38.9000 Diff=2938.3321 Category=data source issue
HAL             2024-03    Computed=3027.6398 Source=38.9000 Diff=2988.7398 Category=data source issue
HAVELLS         2015-03    Computed=33.6753 Source=24.4000 Diff=9.2753 Category=data source issue
HCLTECH         2013-06    Computed=39.9775 Source=29.6000 Diff=10.3775 Category=data source issue
HCLTECH         2014-06    Computed=39.0655 Source=29.6000 Diff=9.4655 Category=data source issue
HDFCBANK        2023-03    Computed=2.5958 Source=7.6700 Diff=5.0742 Category=data source issue
HDFCLIFE        2013-03    Computed=1012.3411 Source=6.6100 Diff=1005.7311 Category=data source issue
HDFCLIFE        2014-03    Computed=858.9730 Source=6.6100 Diff=852.3630 Category=data source issue
HDFCLIFE        2015-03    Computed=1036.6391 Source=6.6100 Diff=1030.0291 Category=data source issue
HDFCLIFE        2016-03    Computed=553.8833 Source=6.6100 Diff=547.2733 Category=data source issue
HDFCLIFE        2017-03    Computed=775.5881 Source=6.6100 Diff=768.9781 Category=data source issue
HDFCLIFE        2018-03    Computed=662.8268 Source=6.6100 Diff=656.2168 Category=data source issue
HDFCLIFE        2019-03    Computed=667.1393 Source=6.6100 Diff=660.5293 Category=data source issue
HDFCLIFE        2020-03    Computed=414.8524 Source=6.6100 Diff=408.2424 Category=data source issue
HDFCLIFE        2021-03    Computed=760.7576 Source=6.6100 Diff=754.1476 Category=data source issue
HDFCLIFE        2022-03    Computed=409.2019 Source=6.6100 Diff=402.5919 Category=data source issue
HDFCLIFE        2023-03    Computed=502.9549 Source=6.6100 Diff=496.3449 Category=data source issue
HDFCLIFE        2024-03    Computed=646.4588 Source=6.6100 Diff=639.8488 Category=data source issue
HEROMOTOCO      2014-03    Computed=367.7332 Source=29.1000 Diff=338.6332 Category=data source issue
HEROMOTOCO      2015-03    Computed=361.7169 Source=29.1000 Diff=332.6169 Category=data source issue
HEROMOTOCO      2016-03    Computed=265.0893 Source=29.1000 Diff=235.9893 Category=data source issue
HEROMOTOCO      2017-03    Computed=227.1438 Source=29.1000 Diff=198.0438 Category=data source issue
HEROMOTOCO      2018-03    Computed=222.3279 Source=29.1000 Diff=193.2279 Category=data source issue
HEROMOTOCO      2019-03    Computed=215.5003 Source=29.1000 Diff=186.4003 Category=data source issue
HEROMOTOCO      2020-03    Computed=169.4865 Source=29.1000 Diff=140.3865 Category=data source issue
HEROMOTOCO      2021-03    Computed=168.1375 Source=29.1000 Diff=139.0375 Category=data source issue
HEROMOTOCO      2022-03    Computed=159.8286 Source=29.1000 Diff=130.7286 Category=data source issue
HEROMOTOCO      2023-03    Computed=174.5239 Source=29.1000 Diff=145.4239 Category=data source issue
HEROMOTOCO      2024-03    Computed=177.8421 Source=29.1000 Diff=148.7421 Category=data source issue
HINDALCO        2013-03    Computed=78.5579 Source=11.3000 Diff=67.2579 Category=data source issue
HINDALCO        2014-03    Computed=75.6179 Source=11.3000 Diff=64.3179 Category=data source issue
HINDALCO        2015-03    Computed=89.3630 Source=11.3000 Diff=78.0630 Category=data source issue
HINDALCO        2016-03    Computed=84.1163 Source=11.3000 Diff=72.8163 Category=data source issue
HINDALCO        2017-03    Computed=79.9692 Source=11.3000 Diff=68.6692 Category=data source issue
HINDALCO        2018-03    Computed=94.9142 Source=11.3000 Diff=83.6142 Category=data source issue
HINDALCO        2019-03    Computed=104.6536 Source=11.3000 Diff=93.3536 Category=data source issue
HINDALCO        2020-03    Computed=81.9455 Source=11.3000 Diff=70.6455 Category=data source issue
HINDALCO        2021-03    Computed=85.5764 Source=11.3000 Diff=74.2764 Category=data source issue
HINDALCO        2022-03    Computed=116.8457 Source=11.3000 Diff=105.5457 Category=data source issue
HINDALCO        2023-03    Computed=129.2971 Source=11.3000 Diff=117.9971 Category=data source issue
HINDALCO        2024-03    Computed=118.2078 Source=11.3000 Diff=106.9078 Category=data source issue
HINDUNILVR      2013-03    Computed=788.3737 Source=27.2000 Diff=761.1737 Category=data source issue
HINDUNILVR      2014-03    Computed=683.0868 Source=27.2000 Diff=655.8868 Category=data source issue
HINDUNILVR      2015-03    Computed=652.5799 Source=27.2000 Diff=625.3799 Category=data source issue
HINDUNILVR      2016-03    Computed=389.2741 Source=27.2000 Diff=362.0741 Category=data source issue
HINDUNILVR      2017-03    Computed=382.1963 Source=27.2000 Diff=354.9963 Category=data source issue
HINDUNILVR      2018-03    Computed=385.1943 Source=27.2000 Diff=357.9943 Category=data source issue
HINDUNILVR      2019-03    Computed=381.9985 Source=27.2000 Diff=354.7985 Category=data source issue
HINDUNILVR      2020-03    Computed=363.6165 Source=27.2000 Diff=336.4165 Category=data source issue
HINDUNILVR      2021-03    Computed=74.2585 Source=27.2000 Diff=47.0585 Category=data source issue
HINDUNILVR      2022-03    Computed=79.0137 Source=27.2000 Diff=51.8137 Category=data source issue
HINDUNILVR      2023-03    Computed=90.1209 Source=27.2000 Diff=62.9209 Category=data source issue
HINDUNILVR      2024-03    Computed=89.6304 Source=27.2000 Diff=62.4304 Category=data source issue
ICICIGI         2013-03    Computed=224.1176 Source=22.5000 Diff=201.6176 Category=data source issue
ICICIGI         2014-03    Computed=191.2281 Source=22.5000 Diff=168.7281 Category=data source issue
ICICIGI         2015-03    Computed=154.4006 Source=22.5000 Diff=131.9006 Category=data source issue
ICICIGI         2016-03    Computed=162.7742 Source=22.5000 Diff=140.2742 Category=data source issue
ICICIGI         2017-03    Computed=150.5016 Source=22.5000 Diff=128.0016 Category=data source issue
ICICIGI         2018-03    Computed=142.7378 Source=22.5000 Diff=120.2378 Category=data source issue
ICICIGI         2019-03    Computed=161.3254 Source=22.5000 Diff=138.8254 Category=data source issue
ICICIGI         2020-03    Computed=147.2277 Source=22.5000 Diff=124.7277 Category=data source issue
ICICIGI         2021-03    Computed=124.8144 Source=22.5000 Diff=102.3144 Category=data source issue
ICICIGI         2022-03    Computed=158.8696 Source=22.5000 Diff=136.3696 Category=data source issue
ICICIGI         2023-03    Computed=158.5266 Source=22.5000 Diff=136.0266 Category=data source issue
ICICIGI         2024-03    Computed=146.3235 Source=22.5000 Diff=123.8235 Category=data source issue
ICICIPRULI      2013-03    Computed=486.7458 Source=8.7500 Diff=477.9958 Category=data source issue
ICICIPRULI      2014-03    Computed=465.0696 Source=8.7500 Diff=456.3196 Category=data source issue
ICICIPRULI      2015-03    Computed=622.9440 Source=8.7500 Diff=614.1940 Category=data source issue
ICICIPRULI      2016-03    Computed=299.2443 Source=8.7500 Diff=290.4943 Category=data source issue
ICICIPRULI      2017-03    Computed=562.1293 Source=8.7500 Diff=553.3793 Category=data source issue
ICICIPRULI      2018-03    Computed=563.7664 Source=8.7500 Diff=555.0164 Category=data source issue
ICICIPRULI      2019-03    Computed=595.5756 Source=8.7500 Diff=586.8256 Category=data source issue
ICICIPRULI      2020-03    Computed=295.9102 Source=8.7500 Diff=287.1602 Category=data source issue
ICICIPRULI      2021-03    Computed=810.6703 Source=8.7500 Diff=801.9203 Category=data source issue
ICICIPRULI      2022-03    Computed=634.5627 Source=8.7500 Diff=625.8127 Category=data source issue
ICICIPRULI      2023-03    Computed=462.6661 Source=8.7500 Diff=453.9161 Category=data source issue
ICICIPRULI      2024-03    Computed=754.9037 Source=8.7500 Diff=746.1537 Category=data source issue
INDIGO          2013-03    Computed=54207.7922 Source=24.5000 Diff=54183.2922 Category=data source issue
INDIGO          2014-03    Computed=58065.2174 Source=24.5000 Diff=58040.7174 Category=data source issue
INDIGO          2015-03    Computed=39546.0526 Source=24.5000 Diff=39521.5526 Category=data source issue
INDIGO          2016-03    Computed=9443.9592 Source=24.5000 Diff=9419.4592 Category=data source issue
INDIGO          2017-03    Computed=10908.0000 Source=24.5000 Diff=10883.5000 Category=data source issue
INDIGO          2018-03    Computed=12981.1688 Source=24.5000 Diff=12956.6688 Category=data source issue
INDIGO          2019-03    Computed=13201.8433 Source=24.5000 Diff=13177.3433 Category=data source issue
INDIGO          2020-03    Computed=12475.1969 Source=24.5000 Diff=12450.6969 Category=data source issue
INDIGO          2021-03    Computed=2554.6248 Source=24.5000 Diff=2530.1248 Category=data source issue
INDIGO          2022-03    Computed=3832.7795 Source=24.5000 Diff=3808.2795 Category=data source issue
INDIGO          2023-03    Computed=6074.2712 Source=24.5000 Diff=6049.7712 Category=data source issue
INDIGO          2024-03    Computed=5640.8798 Source=24.5000 Diff=5616.3798 Category=data source issue
INDUSINDBK      2013-03    Computed=2.7343 Source=7.9300 Diff=5.1957 Category=data source issue
INFY            2013-03    Computed=30.3680 Source=40.0000 Diff=9.6320 Category=data source issue
INFY            2014-03    Computed=30.0696 Source=40.0000 Diff=9.9304 Category=data source issue
INFY            2015-03    Computed=29.3342 Source=40.0000 Diff=10.6658 Category=data source issue
INFY            2016-03    Computed=27.6610 Source=40.0000 Diff=12.3390 Category=data source issue
INFY            2017-03    Computed=26.9694 Source=40.0000 Diff=13.0306 Category=data source issue
INFY            2018-03    Computed=28.9913 Source=40.0000 Diff=11.0087 Category=data source issue
INFY            2019-03    Computed=31.0556 Source=40.0000 Diff=8.9444 Category=data source issue
INFY            2020-03    Computed=31.7723 Source=40.0000 Diff=8.2277 Category=data source issue
INFY            2021-03    Computed=34.1459 Source=40.0000 Diff=5.8541 Category=data source issue
IOC             2013-03    Computed=9.0768 Source=21.3100 Diff=12.2332 Category=data source issue
IOC             2014-03    Computed=10.5767 Source=21.3100 Diff=10.7333 Category=data source issue
IOC             2015-03    Computed=7.9080 Source=21.3100 Diff=13.4020 Category=data source issue
IOC             2016-03    Computed=14.8372 Source=21.3100 Diff=6.4728 Category=data source issue
IOC             2020-03    Computed=7.1287 Source=21.3100 Diff=14.1813 Category=data source issue
IOC             2023-03    Computed=10.6281 Source=21.3100 Diff=10.6819 Category=data source issue
IRCTC           2015-03    Computed=34.2342 Source=53.8000 Diff=19.5658 Category=data source issue
IRCTC           2016-03    Computed=35.0554 Source=53.8000 Diff=18.7446 Category=data source issue
IRCTC           2017-03    Computed=39.8983 Source=53.8000 Diff=13.9017 Category=data source issue
IRCTC           2018-03    Computed=28.6911 Source=53.8000 Diff=25.1089 Category=data source issue
IRCTC           2019-03    Computed=35.7610 Source=53.8000 Diff=18.0390 Category=data source issue
IRCTC           2021-03    Computed=12.2476 Source=53.8000 Diff=41.5524 Category=data source issue
IRCTC           2022-03    Computed=44.2532 Source=53.8000 Diff=9.5468 Category=data source issue
IRCTC           2024-03    Computed=44.5593 Source=53.8000 Diff=9.2407 Category=data source issue
ITC             2013-03    Computed=48.2416 Source=34.7600 Diff=13.4816 Category=data source issue
ITC             2014-03    Computed=47.6000 Source=34.7600 Diff=12.8400 Category=data source issue
ITC             2015-03    Computed=44.5305 Source=34.7600 Diff=9.7705 Category=data source issue
ITC             2020-03    Computed=29.5103 Source=34.7600 Diff=5.2497 Category=data source issue
ITC             2021-03    Computed=28.1517 Source=34.7600 Diff=6.6083 Category=data source issue
JINDALSTEL      2016-03    Computed=4.3378 Source=13.2000 Diff=8.8622 Category=data source issue
JINDALSTEL      2017-03    Computed=6.2041 Source=13.2000 Diff=6.9959 Category=data source issue
JINDALSTEL      2022-03    Computed=31.5814 Source=13.2000 Diff=18.3814 Category=data source issue
JINDALSTEL      2023-03    Computed=19.2109 Source=13.2000 Diff=6.0109 Category=data source issue
JSWENERGY       2013-03    Computed=16.8928 Source=8.5900 Diff=8.3028 Category=data source issue
JSWENERGY       2014-03    Computed=19.5179 Source=8.5900 Diff=10.9279 Category=data source issue
JSWENERGY       2015-03    Computed=21.5560 Source=8.5900 Diff=12.9660 Category=data source issue
JSWENERGY       2016-03    Computed=16.4007 Source=8.5900 Diff=7.8107 Category=data source issue
JSWENERGY       2020-03    Computed=13.7624 Source=8.5900 Diff=5.1724 Category=data source issue
JSWSTEEL        2017-03    Computed=18.6539 Source=13.3600 Diff=5.2939 Category=data source issue
JSWSTEEL        2018-03    Computed=22.1335 Source=13.3600 Diff=8.7735 Category=data source issue
JSWSTEEL        2019-03    Computed=23.0317 Source=13.3600 Diff=9.6717 Category=data source issue
JSWSTEEL        2021-03    Computed=18.4855 Source=13.3600 Diff=5.1255 Category=data source issue
JSWSTEEL        2022-03    Computed=28.0319 Source=13.3600 Diff=14.6719 Category=data source issue
LICI            2019-03    Computed=2.1909 Source=63.7900 Diff=61.5991 Category=data source issue
LICI            2020-03    Computed=-2.7306 Source=63.7900 Diff=66.5206 Category=data source issue
LICI            2021-03    Computed=-3.6585 Source=63.7900 Diff=67.4485 Category=data source issue
LICI            2022-03    Computed=29.3324 Source=63.7900 Diff=34.4576 Category=data source issue
LICI            2023-03    Computed=73.9883 Source=63.7900 Diff=10.1983 Category=data source issue
LICI            2024-03    Computed=39.6135 Source=63.7900 Diff=24.1765 Category=data source issue
LODHA           2018-03    Computed=6.0573 Source=11.1000 Diff=5.0427 Category=data source issue
LODHA           2021-03    Computed=6.0679 Source=11.1000 Diff=5.0321 Category=data source issue
LT              2013-03    Computed=724.3484 Source=17.1800 Diff=707.1684 Category=data source issue
LT              2014-03    Computed=818.9535 Source=17.1800 Diff=801.7735 Category=data source issue
LT              2015-03    Computed=698.9305 Source=17.1800 Diff=681.7505 Category=data source issue
LT              2016-03    Computed=710.3670 Source=17.1800 Diff=693.1870 Category=data source issue
LT              2017-03    Computed=528.6260 Source=17.1800 Diff=511.4460 Category=data source issue
LT              2018-03    Computed=521.0104 Source=17.1800 Diff=503.8304 Category=data source issue
LT              2019-03    Computed=467.3207 Source=17.1800 Diff=450.1407 Category=data source issue
LT              2020-03    Computed=388.7429 Source=17.1800 Diff=371.5629 Category=data source issue
LT              2021-03    Computed=289.5581 Source=17.1800 Diff=272.3781 Category=data source issue
LT              2022-03    Computed=167.1525 Source=17.1800 Diff=149.9725 Category=data source issue
LT              2023-03    Computed=149.8153 Source=17.1800 Diff=132.6353 Category=data source issue
LT              2024-03    Computed=135.2030 Source=17.1800 Diff=118.0230 Category=data source issue
LTIM            2013-03    Computed=55.3083 Source=34.1000 Diff=21.2083 Category=data source issue
LTIM            2014-03    Computed=66.6860 Source=34.1000 Diff=32.5860 Category=data source issue
LTIM            2015-03    Computed=44.7861 Source=34.1000 Diff=10.6861 Category=data source issue
LTIM            2016-03    Computed=47.1560 Source=34.1000 Diff=13.0560 Category=data source issue
LTIM            2017-03    Computed=39.1221 Source=34.1000 Diff=5.0221 Category=data source issue
LTIM            2024-03    Computed=28.9148 Source=34.1000 Diff=5.1852 Category=data source issue
M&M             2013-03    Computed=18.7295 Source=26.9800 Diff=8.2505 Category=data source issue
M&M             2014-03    Computed=17.3923 Source=26.9800 Diff=9.5877 Category=data source issue
M&M             2015-03    Computed=13.7890 Source=26.9800 Diff=13.1910 Category=data source issue
M&M             2016-03    Computed=14.8167 Source=26.9800 Diff=12.1633 Category=data source issue
M&M             2017-03    Computed=13.6682 Source=26.9800 Diff=13.3118 Category=data source issue
M&M             2018-03    Computed=14.2717 Source=26.9800 Diff=12.7083 Category=data source issue
M&M             2019-03    Computed=13.7209 Source=26.9800 Diff=13.2591 Category=data source issue
M&M             2020-03    Computed=8.3221 Source=26.9800 Diff=18.6579 Category=data source issue
M&M             2021-03    Computed=9.3996 Source=26.9800 Diff=17.5804 Category=data source issue
M&M             2022-03    Computed=11.7720 Source=26.9800 Diff=15.2080 Category=data source issue
M&M             2023-03    Computed=13.6495 Source=26.9800 Diff=13.3305 Category=data source issue
M&M             2024-03    Computed=14.2373 Source=26.9800 Diff=12.7427 Category=data source issue
MARUTI          2016-03    Computed=29.2541 Source=23.6700 Diff=5.5841 Category=data source issue
MARUTI          2020-03    Computed=14.8295 Source=23.6700 Diff=8.8405 Category=data source issue
MARUTI          2021-03    Computed=10.2013 Source=23.6700 Diff=13.4687 Category=data source issue
MARUTI          2022-03    Computed=10.3158 Source=23.6700 Diff=13.3542 Category=data source issue
MARUTI          2023-03    Computed=17.3004 Source=23.6700 Diff=6.3696 Category=data source issue
MOTHERSON       2013-03    Computed=20.5756 Source=13.7000 Diff=6.8756 Category=data source issue
MOTHERSON       2014-03    Computed=30.7347 Source=13.7000 Diff=17.0347 Category=data source issue
MOTHERSON       2015-03    Computed=33.6369 Source=13.7000 Diff=19.9369 Category=data source issue
MOTHERSON       2016-03    Computed=33.9002 Source=13.7000 Diff=20.2002 Category=data source issue
MOTHERSON       2017-03    Computed=22.3994 Source=13.7000 Diff=8.6994 Category=data source issue
MOTHERSON       2018-03    Computed=25.3135 Source=13.7000 Diff=11.6135 Category=data source issue
MOTHERSON       2019-03    Computed=23.7721 Source=13.7000 Diff=10.0721 Category=data source issue
MOTHERSON       2020-03    Computed=19.0761 Source=13.7000 Diff=5.3761 Category=data source issue
MOTHERSON       2024-03    Computed=20.2314 Source=13.7000 Diff=6.5314 Category=data source issue
NAUKRI          2013-03    Computed=19.8686 Source=3.6500 Diff=16.2186 Category=data source issue
NAUKRI          2014-03    Computed=14.4131 Source=3.6500 Diff=10.7631 Category=data source issue
NAUKRI          2018-03    Computed=10.7038 Source=3.6500 Diff=7.0538 Category=data source issue
NAUKRI          2020-03    Computed=-15.4049 Source=3.6500 Diff=19.0549 Category=data source issue
NESTLEIND       2013-12    Computed=54.7653 Source=185.4300 Diff=130.6647 Category=data source issue
NESTLEIND       2014-12    Computed=71.3686 Source=185.4300 Diff=114.0614 Category=data source issue
NESTLEIND       2015-12    Computed=54.8501 Source=185.4300 Diff=130.5799 Category=data source issue
NESTLEIND       2016-12    Computed=55.8069 Source=185.4300 Diff=129.6231 Category=data source issue
NESTLEIND       2017-12    Computed=60.6946 Source=185.4300 Diff=124.7354 Category=data source issue
NESTLEIND       2018-12    Computed=70.6041 Source=185.4300 Diff=114.8259 Category=data source issue
NESTLEIND       2019-12    Computed=138.8704 Source=185.4300 Diff=46.5596 Category=data source issue
NESTLEIND       2020-12    Computed=147.8301 Source=185.4300 Diff=37.5999 Category=data source issue
NESTLEIND       2021-12    Computed=161.0307 Source=185.4300 Diff=24.3993 Category=data source issue
NESTLEIND       2022-12    Computed=135.7509 Source=185.4300 Diff=49.6791 Category=data source issue
NESTLEIND       2023-12    Computed=163.7729 Source=185.4300 Diff=21.6571 Category=data source issue
NESTLEIND       2024-03    Computed=157.7476 Source=185.4300 Diff=27.6824 Category=data source issue
ONGC            2013-03    Computed=25.1140 Source=19.7100 Diff=5.4040 Category=data source issue
ONGC            2021-03    Computed=13.9688 Source=19.7100 Diff=5.7412 Category=data source issue
PFC             2013-03    Computed=3.6696 Source=9.9600 Diff=6.2904 Category=data source issue
PFC             2014-03    Computed=4.0736 Source=9.9600 Diff=5.8864 Category=data source issue
PFC             2015-03    Computed=3.8278 Source=9.9600 Diff=6.1322 Category=data source issue
PFC             2016-03    Computed=3.8709 Source=9.9600 Diff=6.0891 Category=data source issue
PFC             2017-03    Computed=2.1994 Source=9.9600 Diff=7.7606 Category=data source issue
PFC             2018-03    Computed=2.4433 Source=9.9600 Diff=7.5167 Category=data source issue
PFC             2019-03    Computed=3.0315 Source=9.9600 Diff=6.9285 Category=data source issue
PFC             2020-03    Computed=2.1692 Source=9.9600 Diff=7.7908 Category=data source issue
PFC             2021-03    Computed=2.7581 Source=9.9600 Diff=7.2019 Category=data source issue
PFC             2022-03    Computed=3.1876 Source=9.9600 Diff=6.7724 Category=data source issue
PFC             2023-03    Computed=3.1726 Source=9.9600 Diff=6.7874 Category=data source issue
PFC             2024-03    Computed=3.4859 Source=9.9600 Diff=6.4741 Category=data source issue
PIDILITIND      2016-03    Computed=43.1567 Source=29.7000 Diff=13.4567 Category=data source issue
PIDILITIND      2017-03    Computed=35.3600 Source=29.7000 Diff=5.6600 Category=data source issue
PIDILITIND      2018-03    Computed=36.2530 Source=29.7000 Diff=6.5530 Category=data source issue
POWERGRID       2023-03    Computed=18.7023 Source=13.2000 Diff=5.5023 Category=data source issue
POWERGRID       2024-03    Computed=18.9052 Source=13.2000 Diff=5.7052 Category=data source issue
SBILIFE         2015-03    Computed=19.5759 Source=13.2000 Diff=6.3759 Category=data source issue
SBILIFE         2016-03    Computed=19.4380 Source=13.2000 Diff=6.2380 Category=data source issue
SBILIFE         2017-03    Computed=19.2363 Source=13.2000 Diff=6.0363 Category=data source issue
SBILIFE         2018-03    Computed=20.4044 Source=13.2000 Diff=7.2044 Category=data source issue
SBILIFE         2019-03    Computed=19.4562 Source=13.2000 Diff=6.2562 Category=data source issue
SBILIFE         2022-03    Computed=6.2812 Source=13.2000 Diff=6.9188 Category=data source issue
SBILIFE         2023-03    Computed=0.9372 Source=13.2000 Diff=12.2628 Category=data source issue
SBILIFE         2024-03    Computed=1.6501 Source=13.2000 Diff=11.5499 Category=data source issue
SHREECEM        2013-06    Computed=30.4170 Source=14.8000 Diff=15.6170 Category=data source issue
SHREECEM        2014-06    Computed=23.5155 Source=14.8000 Diff=8.7155 Category=data source issue
SHREECEM        2015-06    Computed=21.7019 Source=14.8000 Diff=6.9019 Category=data source issue
SHREECEM        2017-03    Computed=27.9502 Source=14.8000 Diff=13.1502 Category=data source issue
SHREECEM        2018-03    Computed=20.1057 Source=14.8000 Diff=5.3057 Category=data source issue
SHREECEM        2019-03    Computed=22.4226 Source=14.8000 Diff=7.6226 Category=data source issue
SHREECEM        2020-03    Computed=23.1137 Source=14.8000 Diff=8.3137 Category=data source issue
SHREECEM        2021-03    Computed=23.2087 Source=14.8000 Diff=8.4087 Category=data source issue
SHREECEM        2024-03    Computed=20.2066 Source=14.8000 Diff=5.4066 Category=data source issue
SHRIRAMFIN      2013-03    Computed=5.3507 Source=11.3000 Diff=5.9493 Category=data source issue
SHRIRAMFIN      2014-03    Computed=4.2406 Source=11.3000 Diff=7.0594 Category=data source issue
SHRIRAMFIN      2015-03    Computed=3.0217 Source=11.3000 Diff=8.2783 Category=data source issue
SHRIRAMFIN      2016-03    Computed=3.0417 Source=11.3000 Diff=8.2583 Category=data source issue
SHRIRAMFIN      2017-03    Computed=3.0615 Source=11.3000 Diff=8.2385 Category=data source issue
SHRIRAMFIN      2018-03    Computed=3.9709 Source=11.3000 Diff=7.3291 Category=data source issue
SHRIRAMFIN      2019-03    Computed=3.6591 Source=11.3000 Diff=7.6409 Category=data source issue
SHRIRAMFIN      2020-03    Computed=3.1583 Source=11.3000 Diff=8.1417 Category=data source issue
SHRIRAMFIN      2021-03    Computed=2.6524 Source=11.3000 Diff=8.6476 Category=data source issue
SHRIRAMFIN      2022-03    Computed=2.6011 Source=11.3000 Diff=8.6989 Category=data source issue
SHRIRAMFIN      2023-03    Computed=4.2361 Source=11.3000 Diff=7.0639 Category=data source issue
SHRIRAMFIN      2024-03    Computed=4.3049 Source=11.3000 Diff=6.9951 Category=data source issue
SIEMENS         2011-09    Computed=30.6866 Source=25.6000 Diff=5.0866 Category=data source issue
SIEMENS         2014-09    Computed=2.7200 Source=25.6000 Diff=22.8800 Category=data source issue
SIEMENS         2015-09    Computed=19.4088 Source=25.6000 Diff=6.1912 Category=data source issue
SIEMENS         2016-09    Computed=14.9531 Source=25.6000 Diff=10.6469 Category=data source issue
SIEMENS         2017-09    Computed=13.7321 Source=25.6000 Diff=11.8679 Category=data source issue
SIEMENS         2018-09    Computed=15.9899 Source=25.6000 Diff=9.6101 Category=data source issue
SIEMENS         2019-09    Computed=16.4659 Source=25.6000 Diff=9.1341 Category=data source issue
SIEMENS         2020-09    Computed=10.5668 Source=25.6000 Diff=15.0332 Category=data source issue
SIEMENS         2021-09    Computed=14.0276 Source=25.6000 Diff=11.5724 Category=data source issue
SIEMENS         2022-09    Computed=15.7734 Source=25.6000 Diff=9.8266 Category=data source issue
SIEMENS         2023-09    Computed=18.7528 Source=25.6000 Diff=6.8472 Category=data source issue
SIEMENS         2024-09    Computed=19.8516 Source=25.6000 Diff=5.7484 Category=data source issue
SUNPHARMA       2013-03    Computed=31.3705 Source=17.3000 Diff=14.0705 Category=data source issue
SUNPHARMA       2014-03    Computed=33.2116 Source=17.3000 Diff=15.9116 Category=data source issue
SUNPHARMA       2015-03    Computed=22.7926 Source=17.3000 Diff=5.4926 Category=data source issue
SUNPHARMA       2018-03    Computed=11.5629 Source=17.3000 Diff=5.7371 Category=data source issue
SUNPHARMA       2019-03    Computed=12.2816 Source=17.3000 Diff=5.0184 Category=data source issue
TATACONSUM      2016-03    Computed=4.8152 Source=10.6000 Diff=5.7848 Category=data source issue
TATAMOTORS      2013-03    Computed=26.9241 Source=20.1000 Diff=6.8241 Category=data source issue
TATAMOTORS      2014-03    Computed=27.6072 Source=20.1000 Diff=7.5072 Category=data source issue
TATAMOTORS      2015-03    Computed=30.2136 Source=20.1000 Diff=10.1136 Category=data source issue
TATAMOTORS      2016-03    Computed=25.8880 Source=20.1000 Diff=5.7880 Category=data source issue
TATAMOTORS      2019-03    Computed=14.8262 Source=20.1000 Diff=5.2738 Category=data source issue
TATAMOTORS      2020-03    Computed=9.5743 Source=20.1000 Diff=10.5257 Category=data source issue
TATAMOTORS      2022-03    Computed=12.9417 Source=20.1000 Diff=7.1583 Category=data source issue
TATAMOTORS      2024-03    Computed=30.9803 Source=20.1000 Diff=10.8803 Category=data source issue
TATAPOWER       2016-03    Computed=4.1698 Source=11.1000 Diff=6.9302 Category=data source issue
TATAPOWER       2018-03    Computed=3.5314 Source=11.1000 Diff=7.5686 Category=data source issue
TATAPOWER       2019-03    Computed=4.5951 Source=11.1000 Diff=6.5049 Category=data source issue
TATASTEEL       2014-03    Computed=13.2481 Source=7.0200 Diff=6.2281 Category=data source issue
TATASTEEL       2016-03    Computed=-0.4971 Source=7.0200 Diff=7.5171 Category=data source issue
TATASTEEL       2018-03    Computed=14.0068 Source=7.0200 Diff=6.9868 Category=data source issue
TATASTEEL       2019-03    Computed=17.2722 Source=7.0200 Diff=10.2522 Category=data source issue
TATASTEEL       2021-03    Computed=18.7440 Source=7.0200 Diff=11.7240 Category=data source issue
TATASTEEL       2022-03    Computed=33.4151 Source=7.0200 Diff=26.3951 Category=data source issue
TATASTEEL       2023-03    Computed=17.1831 Source=7.0200 Diff=10.1631 Category=data source issue
TATASTEEL       2024-03    Computed=12.4209 Source=7.0200 Diff=5.4009 Category=data source issue
TCS             2013-03    Computed=46.4016 Source=64.3000 Diff=17.8984 Category=data source issue
TCS             2014-03    Computed=50.8224 Source=64.3000 Diff=13.4776 Category=data source issue
TCS             2015-03    Computed=48.0105 Source=64.3000 Diff=16.2895 Category=data source issue
TCS             2016-03    Computed=43.0150 Source=64.3000 Diff=21.2850 Category=data source issue
TCS             2017-03    Computed=37.3525 Source=64.3000 Diff=26.9475 Category=data source issue
TCS             2018-03    Computed=38.0861 Source=64.3000 Diff=26.2139 Category=data source issue
TCS             2019-03    Computed=44.1368 Source=64.3000 Diff=20.1632 Category=data source issue
TCS             2020-03    Computed=45.6219 Source=64.3000 Diff=18.6781 Category=data source issue
TCS             2021-03    Computed=49.3972 Source=64.3000 Diff=14.9028 Category=data source issue
TCS             2022-03    Computed=54.7222 Source=64.3000 Diff=9.5778 Category=data source issue
TECHM           2013-03    Computed=20.8933 Source=11.9000 Diff=8.9933 Category=data source issue
TECHM           2014-03    Computed=43.7087 Source=11.9000 Diff=31.8087 Category=data source issue
TECHM           2015-03    Computed=32.3834 Source=11.9000 Diff=20.4834 Category=data source issue
TECHM           2016-03    Computed=27.1649 Source=11.9000 Diff=15.2649 Category=data source issue
TECHM           2017-03    Computed=23.5017 Source=11.9000 Diff=11.6017 Category=data source issue
TECHM           2018-03    Computed=22.1751 Source=11.9000 Diff=10.2751 Category=data source issue
TECHM           2019-03    Computed=28.1451 Source=11.9000 Diff=16.2451 Category=data source issue
TECHM           2020-03    Computed=21.5948 Source=11.9000 Diff=9.6948 Category=data source issue
TECHM           2021-03    Computed=24.4760 Source=11.9000 Diff=12.5760 Category=data source issue
TECHM           2022-03    Computed=27.1828 Source=11.9000 Diff=15.2828 Category=data source issue
TECHM           2023-03    Computed=25.3163 Source=11.9000 Diff=13.4163 Category=data source issue
TITAN           2013-03    Computed=51.4721 Source=22.7000 Diff=28.7721 Category=data source issue
TITAN           2014-03    Computed=31.4414 Source=22.7000 Diff=8.7414 Category=data source issue
TITAN           2015-03    Computed=36.2123 Source=22.7000 Diff=13.5123 Category=data source issue
TITAN           2021-03    Computed=13.1329 Source=22.7000 Diff=9.5671 Category=data source issue
TORNTPHARM      2013-03    Computed=32.9551 Source=23.2000 Diff=9.7551 Category=data source issue
TORNTPHARM      2014-03    Computed=31.4662 Source=23.2000 Diff=8.2662 Category=data source issue
TORNTPHARM      2016-03    Computed=46.7499 Source=23.2000 Diff=23.5499 Category=data source issue
TORNTPHARM      2018-03    Computed=12.1696 Source=23.2000 Diff=11.0304 Category=data source issue
TORNTPHARM      2024-03    Computed=30.9616 Source=23.2000 Diff=7.7616 Category=data source issue
TRENT           2013-03    Computed=0.3177 Source=23.8000 Diff=23.4823 Category=data source issue
TRENT           2014-03    Computed=-0.7559 Source=23.8000 Diff=24.5559 Category=data source issue
TRENT           2015-03    Computed=5.2102 Source=23.8000 Diff=18.5898 Category=data source issue
TRENT           2016-03    Computed=4.8283 Source=23.8000 Diff=18.9717 Category=data source issue
TRENT           2017-03    Computed=6.9108 Source=23.8000 Diff=16.8892 Category=data source issue
TRENT           2018-03    Computed=10.4733 Source=23.8000 Diff=13.3267 Category=data source issue
TRENT           2019-03    Computed=11.2617 Source=23.8000 Diff=12.5383 Category=data source issue
TRENT           2021-03    Computed=4.3628 Source=23.8000 Diff=19.4372 Category=data source issue
TRENT           2022-03    Computed=8.3933 Source=23.8000 Diff=15.4067 Category=data source issue
TRENT           2023-03    Computed=15.7790 Source=23.8000 Diff=8.0210 Category=data source issue
TRENT           2024-03    Computed=33.8602 Source=23.8000 Diff=10.0602 Category=data source issue

Total ROCE anomalies: 576

==========================================================================================
ROE ANOMALIES (>5%)
==========================================================================================
ABB             2012-12    Computed=22.4111 Source=34.9000 Diff=12.4889 Category=data source issue
ABB             2014-03    Computed=25.1269 Source=34.9000 Diff=9.7731 Category=data source issue
ABB             2015-03    Computed=24.4397 Source=34.9000 Diff=10.4603 Category=data source issue
ABB             2016-03    Computed=21.3389 Source=34.9000 Diff=13.5611 Category=data source issue
ABB             2017-03    Computed=19.9712 Source=34.9000 Diff=14.9288 Category=data source issue
ABB             2018-03    Computed=23.6858 Source=34.9000 Diff=11.2142 Category=data source issue
ABB             2019-03    Computed=22.4104 Source=34.9000 Diff=12.4896 Category=data source issue
ABB             2020-03    Computed=24.3933 Source=34.9000 Diff=10.5067 Category=data source issue
ABB             2021-03    Computed=26.5565 Source=34.9000 Diff=8.3435 Category=data source issue
ABB             2022-03    Computed=28.3333 Source=34.9000 Diff=6.5667 Category=data source issue
ABB             2023-03    Computed=29.7679 Source=34.9000 Diff=5.1321 Category=data source issue
ADANIENSOL      2014-03    Computed=0.0000 Source=8.5900 Diff=8.5900 Category=data source issue
ADANIENSOL      2015-03    Computed=-0.6464 Source=8.5900 Diff=9.2364 Category=data source issue
ADANIENSOL      2016-03    Computed=13.7725 Source=8.5900 Diff=5.1825 Category=data source issue
ADANIENSOL      2017-03    Computed=14.1161 Source=8.5900 Diff=5.5261 Category=data source issue
ADANIENSOL      2018-03    Computed=18.8707 Source=8.5900 Diff=10.2807 Category=data source issue
ADANIENSOL      2021-03    Computed=14.4635 Source=8.5900 Diff=5.8735 Category=data source issue
ADANIENT        2013-03    Computed=5.6927 Source=13.6400 Diff=7.9473 Category=data source issue
ADANIENT        2016-03    Computed=7.4750 Source=13.6400 Diff=6.1650 Category=data source issue
ADANIENT        2017-03    Computed=6.5436 Source=13.6400 Diff=7.0964 Category=data source issue
ADANIENT        2018-03    Computed=3.9366 Source=13.6400 Diff=9.7034 Category=data source issue
ADANIENT        2019-03    Computed=3.4291 Source=13.6400 Diff=10.2109 Category=data source issue
ADANIENT        2020-03    Computed=6.1368 Source=13.6400 Diff=7.5032 Category=data source issue
ADANIENT        2021-03    Computed=6.0959 Source=13.6400 Diff=7.5441 Category=data source issue
ADANIENT        2022-03    Computed=3.5405 Source=13.6400 Diff=10.0995 Category=data source issue
ADANIENT        2023-03    Computed=7.3281 Source=13.6400 Diff=6.3119 Category=data source issue
ADANIENT        2024-03    Computed=8.5347 Source=13.6400 Diff=5.1053 Category=data source issue
ADANIGREEN      2017-03    Computed=-3.9069 Source=14.7000 Diff=18.6069 Category=data source issue
ADANIGREEN      2018-03    Computed=-10.2908 Source=14.7000 Diff=24.9908 Category=data source issue
ADANIGREEN      2019-03    Computed=-24.5732 Source=14.7000 Diff=39.2732 Category=data source issue
ADANIGREEN      2020-03    Computed=-2.8850 Source=14.7000 Diff=17.5850 Category=data source issue
ADANIGREEN      2021-03    Computed=8.2727 Source=14.7000 Diff=6.4273 Category=data source issue
ADANIPORTS      2013-03    Computed=25.6334 Source=18.1000 Diff=7.5334 Category=data source issue
ADANIPORTS      2022-03    Computed=11.8433 Source=18.1000 Diff=6.2567 Category=data source issue
ADANIPORTS      2023-03    Computed=11.8773 Source=18.1000 Diff=6.2227 Category=data source issue
ADANIPOWER      2013-03    Computed=-53.4591 Source=57.1000 Diff=110.5591 Category=data source issue
ADANIPOWER      2014-03    Computed=-4.4475 Source=57.1000 Diff=61.5475 Category=data source issue
ADANIPOWER      2015-03    Computed=-14.2533 Source=57.1000 Diff=71.3533 Category=data source issue
ADANIPOWER      2016-03    Computed=7.3781 Source=57.1000 Diff=49.7219 Category=data source issue
ADANIPOWER      2017-03    Computed=-205.8000 Source=57.1000 Diff=262.9000 Category=data source issue
ADANIPOWER      2018-03    Computed=-236.5579 Source=57.1000 Diff=293.6579 Category=data source issue
ADANIPOWER      2019-03    Computed=-12.7593 Source=57.1000 Diff=69.8593 Category=data source issue
ADANIPOWER      2020-03    Computed=-35.1026 Source=57.1000 Diff=92.2026 Category=data source issue
ADANIPOWER      2021-03    Computed=9.6850 Source=57.1000 Diff=47.4150 Category=data source issue
ADANIPOWER      2022-03    Computed=26.6132 Source=57.1000 Diff=30.4868 Category=data source issue
ADANIPOWER      2023-03    Computed=35.9051 Source=57.1000 Diff=21.1949 Category=data source issue
ADANIPOWER      2024-03    Computed=48.2767 Source=57.1000 Diff=8.8233 Category=data source issue
AMBUJACEM       2012-12    Computed=14.6868 Source=9.2400 Diff=5.4468 Category=data source issue
AMBUJACEM       2014-12    Computed=14.7666 Source=9.2400 Diff=5.5266 Category=data source issue
AMBUJACEM       2021-12    Computed=14.6367 Source=9.2400 Diff=5.3967 Category=data source issue
APOLLOHOSP      2016-03    Computed=7.0528 Source=13.8100 Diff=6.7572 Category=data source issue
APOLLOHOSP      2017-03    Computed=3.9529 Source=13.8100 Diff=9.8571 Category=data source issue
APOLLOHOSP      2018-03    Computed=1.8450 Source=13.8100 Diff=11.9650 Category=data source issue
APOLLOHOSP      2019-03    Computed=5.9988 Source=13.8100 Diff=7.8112 Category=data source issue
APOLLOHOSP      2021-03    Computed=2.9763 Source=13.8100 Diff=10.8337 Category=data source issue
APOLLOHOSP      2022-03    Computed=19.7048 Source=13.8100 Diff=5.8948 Category=data source issue
ASIANPAINT      2018-03    Computed=24.9465 Source=31.4500 Diff=6.5035 Category=data source issue
ASIANPAINT      2019-03    Computed=23.3133 Source=31.4500 Diff=8.1367 Category=data source issue
ASIANPAINT      2021-03    Computed=25.0429 Source=31.4500 Diff=6.4071 Category=data source issue
ASIANPAINT      2022-03    Computed=22.3357 Source=31.4500 Diff=9.1143 Category=data source issue
ASIANPAINT      2023-03    Computed=26.2319 Source=31.4500 Diff=5.2181 Category=data source issue
ATGL            2020-03    Computed=29.6397 Source=20.5000 Diff=9.1397 Category=data source issue
AXISBANK        2017-03    Computed=6.5254 Source=18.4000 Diff=11.8746 Category=data source issue
AXISBANK        2018-03    Computed=0.4299 Source=18.4000 Diff=17.9701 Category=data source issue
AXISBANK        2019-03    Computed=6.8980 Source=18.4000 Diff=11.5020 Category=data source issue
AXISBANK        2020-03    Computed=1.8844 Source=18.4000 Diff=16.5156 Category=data source issue
AXISBANK        2021-03    Computed=6.3594 Source=18.4000 Diff=12.0406 Category=data source issue
AXISBANK        2022-03    Computed=11.0138 Source=18.4000 Diff=7.3862 Category=data source issue
AXISBANK        2023-03    Computed=7.3817 Source=18.4000 Diff=11.0183 Category=data source issue
BAJAJ-AUTO      2013-03    Computed=38.8469 Source=26.5000 Diff=12.3469 Category=data source issue
BAJAJ-AUTO      2014-03    Computed=33.2448 Source=26.5000 Diff=6.7448 Category=data source issue
BAJAJ-AUTO      2018-03    Computed=20.6561 Source=26.5000 Diff=5.8439 Category=data source issue
BAJAJ-AUTO      2019-03    Computed=21.2112 Source=26.5000 Diff=5.2888 Category=data source issue
BAJAJ-AUTO      2021-03    Computed=17.8088 Source=26.5000 Diff=8.6912 Category=data source issue
BAJAJ-AUTO      2022-03    Computed=20.6504 Source=26.5000 Diff=5.8496 Category=data source issue
BAJAJ-AUTO      2023-03    Computed=20.6389 Source=26.5000 Diff=5.8611 Category=data source issue
BAJAJFINSV      2013-03    Computed=28.3773 Source=11.7200 Diff=16.6573 Category=data source issue
BAJAJFINSV      2014-03    Computed=23.5288 Source=11.7200 Diff=11.8088 Category=data source issue
BAJAJFINSV      2015-03    Computed=21.7242 Source=11.7200 Diff=10.0042 Category=data source issue
BAJAJFINSV      2016-03    Computed=20.4059 Source=11.7200 Diff=8.6859 Category=data source issue
BAJAJFINSV      2017-03    Computed=21.3609 Source=11.7200 Diff=9.6409 Category=data source issue
BAJAJFINSV      2018-03    Computed=20.3876 Source=11.7200 Diff=8.6676 Category=data source issue
BAJAJFINSV      2019-03    Computed=22.6369 Source=11.7200 Diff=10.9169 Category=data source issue
BAJAJFINSV      2020-03    Computed=19.1489 Source=11.7200 Diff=7.4289 Category=data source issue
BAJAJFINSV      2021-03    Computed=20.5610 Source=11.7200 Diff=8.8410 Category=data source issue
BAJAJFINSV      2022-03    Computed=20.6574 Source=11.7200 Diff=8.9374 Category=data source issue
BAJAJFINSV      2023-03    Computed=26.3107 Source=11.7200 Diff=14.5907 Category=data source issue
BAJAJFINSV      2024-03    Computed=25.8504 Source=11.7200 Diff=14.1304 Category=data source issue
BAJAJHLDNG      2022-03    Computed=9.6307 Source=14.8000 Diff=5.1693 Category=data source issue
BAJFINANCE      2018-03    Computed=15.7496 Source=22.1000 Diff=6.3504 Category=data source issue
BAJFINANCE      2020-03    Computed=16.2831 Source=22.1000 Diff=5.8169 Category=data source issue
BAJFINANCE      2021-03    Computed=11.9725 Source=22.1000 Diff=10.1275 Category=data source issue
BAJFINANCE      2022-03    Computed=16.0776 Source=22.1000 Diff=6.0224 Category=data source issue
BANKBARODA      2015-03    Computed=9.4007 Source=16.7000 Diff=7.2993 Category=data source issue
BANKBARODA      2016-03    Computed=-11.8415 Source=16.7000 Diff=28.5415 Category=data source issue
BANKBARODA      2017-03    Computed=4.3072 Source=16.7000 Diff=12.3928 Category=data source issue
BANKBARODA      2018-03    Computed=-3.9428 Source=16.7000 Diff=20.6428 Category=data source issue
BANKBARODA      2019-03    Computed=2.1202 Source=16.7000 Diff=14.5798 Category=data source issue
BANKBARODA      2020-03    Computed=1.2890 Source=16.7000 Diff=15.4110 Category=data source issue
BANKBARODA      2021-03    Computed=1.9663 Source=16.7000 Diff=14.7337 Category=data source issue
BANKBARODA      2022-03    Computed=8.6351 Source=16.7000 Diff=8.0649 Category=data source issue
BEL             2013-03    Computed=15183.3333 Source=26.3000 Diff=15157.0333 Category=data source issue
BEL             2014-03    Computed=13600.0000 Source=26.3000 Diff=13573.7000 Category=data source issue
BEL             2015-03    Computed=17100.0000 Source=26.3000 Diff=17073.7000 Category=data source issue
BEL             2016-03    Computed=11141.6667 Source=26.3000 Diff=11115.3667 Category=data source issue
BEL             2017-03    Computed=10153.3333 Source=26.3000 Diff=10127.0333 Category=data source issue
BEL             2018-03    Computed=4616.1290 Source=26.3000 Diff=4589.8290 Category=data source issue
BEL             2019-03    Computed=3851.0204 Source=26.3000 Diff=3824.7204 Category=data source issue
BEL             2020-03    Computed=3318.1818 Source=26.3000 Diff=3291.8818 Category=data source issue
BEL             2021-03    Computed=3559.3220 Source=26.3000 Diff=3533.0220 Category=data source issue
BEL             2022-03    Computed=3478.2609 Source=26.3000 Diff=3451.9609 Category=data source issue
BEL             2023-03    Computed=3981.3333 Source=26.3000 Diff=3955.0333 Category=data source issue
BEL             2024-03    Computed=4744.0476 Source=26.3000 Diff=4717.7476 Category=data source issue
BHARTIARTL      2013-03    Computed=4.5050 Source=14.9000 Diff=10.3950 Category=data source issue
BHARTIARTL      2014-03    Computed=5.0522 Source=14.9000 Diff=9.8478 Category=data source issue
BHARTIARTL      2017-03    Computed=6.2870 Source=14.9000 Diff=8.6130 Category=data source issue
BHARTIARTL      2018-03    Computed=3.1409 Source=14.9000 Diff=11.7591 Category=data source issue
BHARTIARTL      2019-03    Computed=2.3634 Source=14.9000 Diff=12.5366 Category=data source issue
BHARTIARTL      2020-03    Computed=-39.7485 Source=14.9000 Diff=54.6485 Category=data source issue
BHARTIARTL      2021-03    Computed=-20.9726 Source=14.9000 Diff=35.8726 Category=data source issue
BHEL            2013-03    Computed=21.9091 Source=1.0500 Diff=20.8591 Category=data source issue
BHEL            2014-03    Computed=10.5574 Source=1.0500 Diff=9.5074 Category=data source issue
BHEL            2020-03    Computed=-5.1221 Source=1.0500 Diff=6.1721 Category=data source issue
BHEL            2021-03    Computed=-10.3914 Source=1.0500 Diff=11.4414 Category=data source issue
BOSCHLTD        2020-03    Computed=7.0119 Source=16.0000 Diff=8.9881 Category=data source issue
BOSCHLTD        2021-03    Computed=4.9069 Source=16.0000 Diff=11.0931 Category=data source issue
BPCL            2013-03    Computed=11.5410 Source=41.9000 Diff=30.3590 Category=data source issue
BPCL            2014-03    Computed=20.8488 Source=41.9000 Diff=21.0512 Category=data source issue
BPCL            2015-03    Computed=22.5246 Source=41.9000 Diff=19.3754 Category=data source issue
BPCL            2016-03    Computed=29.1034 Source=41.9000 Diff=12.7966 Category=data source issue
BPCL            2017-03    Computed=30.8479 Source=41.9000 Diff=11.0521 Category=data source issue
BPCL            2018-03    Computed=26.7402 Source=41.9000 Diff=15.1598 Category=data source issue
BPCL            2019-03    Computed=21.9992 Source=41.9000 Diff=19.9008 Category=data source issue
BPCL            2020-03    Computed=10.0350 Source=41.9000 Diff=31.8650 Category=data source issue
BPCL            2021-03    Computed=32.3406 Source=41.9000 Diff=9.5594 Category=data source issue
BPCL            2022-03    Computed=22.5065 Source=41.9000 Diff=19.3935 Category=data source issue
BPCL            2023-03    Computed=3.9815 Source=41.9000 Diff=37.9185 Category=data source issue
BPCL            2024-03    Computed=35.5113 Source=41.9000 Diff=6.3887 Category=data source issue
BRITANNIA       2013-03    Computed=46.5950 Source=57.1000 Diff=10.5050 Category=data source issue
BRITANNIA       2014-03    Computed=49.4987 Source=57.1000 Diff=7.6013 Category=data source issue
BRITANNIA       2016-03    Computed=39.4359 Source=57.1000 Diff=17.6641 Category=data source issue
BRITANNIA       2017-03    Computed=32.8264 Source=57.1000 Diff=24.2736 Category=data source issue
BRITANNIA       2018-03    Computed=29.4774 Source=57.1000 Diff=27.6226 Category=data source issue
BRITANNIA       2019-03    Computed=27.1573 Source=57.1000 Diff=29.9427 Category=data source issue
BRITANNIA       2020-03    Computed=31.6602 Source=57.1000 Diff=25.4398 Category=data source issue
BRITANNIA       2023-03    Computed=65.5348 Source=57.1000 Diff=8.4348 Category=data source issue
CANBK           2013-03    Computed=11.8963 Source=17.9000 Diff=6.0037 Category=data source issue
CANBK           2014-03    Computed=8.8547 Source=17.9000 Diff=9.0453 Category=data source issue
CANBK           2015-03    Computed=9.0207 Source=17.9000 Diff=8.8793 Category=data source issue
CANBK           2016-03    Computed=-7.8217 Source=17.9000 Diff=25.7217 Category=data source issue
CANBK           2017-03    Computed=4.0680 Source=17.9000 Diff=13.8320 Category=data source issue
CANBK           2018-03    Computed=-10.4968 Source=17.9000 Diff=28.3968 Category=data source issue
CANBK           2019-03    Computed=1.8467 Source=17.9000 Diff=16.0533 Category=data source issue
CANBK           2020-03    Computed=-4.6619 Source=17.9000 Diff=22.5619 Category=data source issue
CANBK           2021-03    Computed=4.7380 Source=17.9000 Diff=13.1620 Category=data source issue
CANBK           2022-03    Computed=8.8020 Source=17.9000 Diff=9.0980 Category=data source issue
CHOLAFIN        2020-03    Computed=12.8537 Source=20.2000 Diff=7.3463 Category=data source issue
CIPLA           2015-03    Computed=11.3775 Source=16.8000 Diff=5.4225 Category=data source issue
CIPLA           2017-03    Computed=8.2510 Source=16.8000 Diff=8.5490 Category=data source issue
CIPLA           2018-03    Computed=9.9585 Source=16.8000 Diff=6.8415 Category=data source issue
CIPLA           2019-03    Computed=9.9387 Source=16.8000 Diff=6.8613 Category=data source issue
CIPLA           2020-03    Computed=9.5160 Source=16.8000 Diff=7.2840 Category=data source issue
COALINDIA       2013-03    Computed=35.8062 Source=52.0000 Diff=16.1938 Category=data source issue
COALINDIA       2014-03    Computed=35.6381 Source=52.0000 Diff=16.3619 Category=data source issue
COALINDIA       2015-03    Computed=34.0173 Source=52.0000 Diff=17.9827 Category=data source issue
COALINDIA       2016-03    Computed=40.9583 Source=52.0000 Diff=11.0417 Category=data source issue
COALINDIA       2017-03    Computed=37.8497 Source=52.0000 Diff=14.1503 Category=data source issue
COALINDIA       2018-03    Computed=34.8796 Source=52.0000 Diff=17.1204 Category=data source issue
COALINDIA       2019-03    Computed=66.0140 Source=52.0000 Diff=14.0140 Category=data source issue
COALINDIA       2021-03    Computed=34.7828 Source=52.0000 Diff=17.2172 Category=data source issue
COALINDIA       2022-03    Computed=40.2800 Source=52.0000 Diff=11.7200 Category=data source issue
COALINDIA       2024-03    Computed=45.1698 Source=52.0000 Diff=6.8302 Category=data source issue
DABUR           2013-03    Computed=36.5632 Source=19.2000 Diff=17.3632 Category=data source issue
DABUR           2014-03    Computed=34.4880 Source=19.2000 Diff=15.2880 Category=data source issue
DABUR           2015-03    Computed=31.8426 Source=19.2000 Diff=12.6426 Category=data source issue
DABUR           2016-03    Computed=30.0647 Source=19.2000 Diff=10.8647 Category=data source issue
DABUR           2017-03    Computed=26.4081 Source=19.2000 Diff=7.2081 Category=data source issue
DABUR           2019-03    Computed=25.6747 Source=19.2000 Diff=6.4747 Category=data source issue
DIVISLAB        2013-03    Computed=24.0704 Source=12.2000 Diff=11.8704 Category=data source issue
DIVISLAB        2014-03    Computed=26.0796 Source=12.2000 Diff=13.8796 Category=data source issue
DIVISLAB        2015-03    Computed=24.3707 Source=12.2000 Diff=12.1707 Category=data source issue
DIVISLAB        2016-03    Computed=26.2287 Source=12.2000 Diff=14.0287 Category=data source issue
DIVISLAB        2017-03    Computed=19.7872 Source=12.2000 Diff=7.5872 Category=data source issue
DIVISLAB        2019-03    Computed=19.4480 Source=12.2000 Diff=7.2480 Category=data source issue
DIVISLAB        2020-03    Computed=18.8372 Source=12.2000 Diff=6.6372 Category=data source issue
DIVISLAB        2021-03    Computed=21.3448 Source=12.2000 Diff=9.1448 Category=data source issue
DIVISLAB        2022-03    Computed=25.2387 Source=12.2000 Diff=13.0387 Category=data source issue
DLF             2015-03    Computed=1.8525 Source=6.9500 Diff=5.0975 Category=data source issue
DLF             2016-03    Computed=1.2672 Source=6.9500 Diff=5.6828 Category=data source issue
DLF             2018-03    Computed=12.6788 Source=6.9500 Diff=5.7288 Category=data source issue
DLF             2020-03    Computed=-1.7128 Source=6.9500 Diff=8.6628 Category=data source issue
DMART           2016-03    Computed=21.0388 Source=14.5000 Diff=6.5388 Category=data source issue
DMART           2021-03    Computed=9.0200 Source=14.5000 Diff=5.4800 Category=data source issue
DRREDDY         2017-03    Computed=10.5366 Source=21.4000 Diff=10.8634 Category=data source issue
DRREDDY         2018-03    Computed=7.5326 Source=21.4000 Diff=13.8674 Category=data source issue
DRREDDY         2019-03    Computed=13.9047 Source=21.4000 Diff=7.4953 Category=data source issue
DRREDDY         2020-03    Computed=12.9880 Source=21.4000 Diff=8.4120 Category=data source issue
DRREDDY         2021-03    Computed=11.0651 Source=21.4000 Diff=10.3349 Category=data source issue
DRREDDY         2022-03    Computed=11.3575 Source=21.4000 Diff=10.0425 Category=data source issue
EICHERMOT       2016-03    Computed=36.6274 Source=24.2000 Diff=12.4274 Category=data source issue
EICHERMOT       2017-03    Computed=31.1880 Source=24.2000 Diff=6.9880 Category=data source issue
EICHERMOT       2020-03    Computed=18.3048 Source=24.2000 Diff=5.8952 Category=data source issue
EICHERMOT       2021-03    Computed=11.7765 Source=24.2000 Diff=12.4235 Category=data source issue
EICHERMOT       2022-03    Computed=13.3011 Source=24.2000 Diff=10.8989 Category=data source issue
GAIL            2016-03    Computed=5.1479 Source=14.0000 Diff=8.8521 Category=data source issue
GAIL            2017-03    Computed=8.5841 Source=14.0000 Diff=5.4159 Category=data source issue
GAIL            2020-03    Computed=19.3127 Source=14.0000 Diff=5.3127 Category=data source issue
GAIL            2022-03    Computed=19.1908 Source=14.0000 Diff=5.1908 Category=data source issue
GAIL            2023-03    Computed=8.6189 Source=14.0000 Diff=5.3811 Category=data source issue
GODREJCP        2013-03    Computed=25.5056 Source=6.7700 Diff=18.7356 Category=data source issue
GODREJCP        2014-03    Computed=21.6954 Source=6.7700 Diff=14.9254 Category=data source issue
GODREJCP        2015-03    Computed=22.6398 Source=6.7700 Diff=15.8698 Category=data source issue
GODREJCP        2016-03    Computed=19.4750 Source=6.7700 Diff=12.7050 Category=data source issue
GODREJCP        2017-03    Computed=24.6699 Source=6.7700 Diff=17.8999 Category=data source issue
GODREJCP        2018-03    Computed=26.1106 Source=6.7700 Diff=19.3406 Category=data source issue
GODREJCP        2019-03    Computed=32.2279 Source=6.7700 Diff=25.4579 Category=data source issue
GODREJCP        2020-03    Computed=18.9542 Source=6.7700 Diff=12.1842 Category=data source issue
GODREJCP        2021-03    Computed=18.2329 Source=6.7700 Diff=11.4629 Category=data source issue
GODREJCP        2022-03    Computed=15.4292 Source=6.7700 Diff=8.6592 Category=data source issue
GODREJCP        2023-03    Computed=12.3387 Source=6.7700 Diff=5.5687 Category=data source issue
GODREJCP        2024-03    Computed=-4.4531 Source=6.7700 Diff=11.2231 Category=data source issue
GRASIM          2013-03    Computed=19.2196 Source=6.9000 Diff=12.3196 Category=data source issue
GRASIM          2014-03    Computed=13.6664 Source=6.9000 Diff=6.7664 Category=data source issue
GRASIM          2016-03    Computed=12.5962 Source=6.9000 Diff=5.6962 Category=data source issue
GRASIM          2017-03    Computed=13.5279 Source=6.9000 Diff=6.6279 Category=data source issue
GRASIM          2022-03    Computed=14.8034 Source=6.9000 Diff=7.9034 Category=data source issue
GRASIM          2023-03    Computed=14.0687 Source=6.9000 Diff=7.1687 Category=data source issue
HAL             2016-03    Computed=1665.0000 Source=28.9000 Diff=1636.1000 Category=data source issue
HAL             2017-03    Computed=1966.9173 Source=28.9000 Diff=1938.0173 Category=data source issue
HAL             2018-03    Computed=1528.4615 Source=28.9000 Diff=1499.5615 Category=data source issue
HAL             2019-03    Computed=1763.9098 Source=28.9000 Diff=1735.0098 Category=data source issue
HAL             2020-03    Computed=2059.4203 Source=28.9000 Diff=2030.5203 Category=data source issue
HAL             2021-03    Computed=2249.3056 Source=28.9000 Diff=2220.4056 Category=data source issue
HAL             2022-03    Computed=3324.1830 Source=28.9000 Diff=3295.2830 Category=data source issue
HAL             2023-03    Computed=3283.0508 Source=28.9000 Diff=3254.1508 Category=data source issue
HAL             2024-03    Computed=3816.5829 Source=28.9000 Diff=3787.6829 Category=data source issue
HAVELLS         2013-03    Computed=40.2913 Source=18.0000 Diff=22.2913 Category=data source issue
HAVELLS         2014-03    Computed=26.7707 Source=18.0000 Diff=8.7707 Category=data source issue
HAVELLS         2016-03    Computed=42.9468 Source=18.0000 Diff=24.9468 Category=data source issue
HCLTECH         2013-06    Computed=30.6898 Source=23.3000 Diff=7.3898 Category=data source issue
HCLTECH         2014-06    Computed=33.3913 Source=23.3000 Diff=10.0913 Category=data source issue
HCLTECH         2015-06    Computed=30.3088 Source=23.3000 Diff=7.0088 Category=data source issue
HDFCLIFE        2013-03    Computed=33.4331 Source=11.4000 Diff=22.0331 Category=data source issue
HDFCLIFE        2014-03    Computed=37.6037 Source=11.4000 Diff=26.2037 Category=data source issue
HDFCLIFE        2015-03    Computed=30.9327 Source=11.4000 Diff=19.5327 Category=data source issue
HDFCLIFE        2016-03    Computed=26.3294 Source=11.4000 Diff=14.9294 Category=data source issue
HDFCLIFE        2017-03    Computed=23.1835 Source=11.4000 Diff=11.7835 Category=data source issue
HDFCLIFE        2018-03    Computed=23.5282 Source=11.4000 Diff=12.1282 Category=data source issue
HDFCLIFE        2019-03    Computed=22.6515 Source=11.4000 Diff=11.2515 Category=data source issue
HDFCLIFE        2020-03    Computed=19.0539 Source=11.4000 Diff=7.6539 Category=data source issue
HEROMOTOCO      2014-03    Computed=37.3822 Source=22.0000 Diff=15.3822 Category=data source issue
HEROMOTOCO      2015-03    Computed=36.1468 Source=22.0000 Diff=14.1468 Category=data source issue
HEROMOTOCO      2016-03    Computed=35.2275 Source=22.0000 Diff=13.2275 Category=data source issue
HEROMOTOCO      2017-03    Computed=34.3738 Source=22.0000 Diff=12.3738 Category=data source issue
HEROMOTOCO      2018-03    Computed=31.0892 Source=22.0000 Diff=9.0892 Category=data source issue
HEROMOTOCO      2022-03    Computed=14.6968 Source=22.0000 Diff=7.3032 Category=data source issue
HEROMOTOCO      2023-03    Computed=16.8108 Source=22.0000 Diff=5.1892 Category=data source issue
HINDALCO        2015-03    Computed=0.6757 Source=10.2000 Diff=9.5243 Category=data source issue
HINDALCO        2016-03    Computed=-1.7287 Source=10.2000 Diff=11.9287 Category=data source issue
HINDALCO        2017-03    Computed=4.0861 Source=10.2000 Diff=6.1139 Category=data source issue
HINDALCO        2022-03    Computed=17.5596 Source=10.2000 Diff=7.3596 Category=data source issue
HINDUNILVR      2013-03    Computed=133.9965 Source=20.2000 Diff=113.7965 Category=data source issue
HINDUNILVR      2014-03    Computed=111.8462 Source=20.2000 Diff=91.6462 Category=data source issue
HINDUNILVR      2015-03    Computed=108.6665 Source=20.2000 Diff=88.4665 Category=data source issue
HINDUNILVR      2016-03    Computed=63.1523 Source=20.2000 Diff=42.9523 Category=data source issue
HINDUNILVR      2017-03    Computed=66.5777 Source=20.2000 Diff=46.3777 Category=data source issue
HINDUNILVR      2018-03    Computed=71.7896 Source=20.2000 Diff=51.5896 Category=data source issue
HINDUNILVR      2019-03    Computed=77.0306 Source=20.2000 Diff=56.8306 Category=data source issue
HINDUNILVR      2020-03    Computed=82.0999 Source=20.2000 Diff=61.8999 Category=data source issue
ICICIBANK       2016-03    Computed=11.6108 Source=18.8000 Diff=7.1892 Category=data source issue
ICICIBANK       2017-03    Computed=10.8380 Source=18.8000 Diff=7.9620 Category=data source issue
ICICIBANK       2018-03    Computed=8.2256 Source=18.8000 Diff=10.5744 Category=data source issue
ICICIBANK       2019-03    Computed=4.9793 Source=18.8000 Diff=13.8207 Category=data source issue
ICICIBANK       2020-03    Computed=9.1290 Source=18.8000 Diff=9.6710 Category=data source issue
ICICIBANK       2021-03    Computed=12.9224 Source=18.8000 Diff=5.8776 Category=data source issue
ICICIPRULI      2013-03    Computed=38.2479 Source=8.0700 Diff=30.1779 Category=data source issue
ICICIPRULI      2014-03    Computed=35.6149 Source=8.0700 Diff=27.5449 Category=data source issue
ICICIPRULI      2015-03    Computed=31.1491 Source=8.0700 Diff=23.0791 Category=data source issue
ICICIPRULI      2016-03    Computed=30.9976 Source=8.0700 Diff=22.9276 Category=data source issue
ICICIPRULI      2017-03    Computed=26.2566 Source=8.0700 Diff=18.1866 Category=data source issue
ICICIPRULI      2018-03    Computed=24.6273 Source=8.0700 Diff=16.5573 Category=data source issue
ICICIPRULI      2019-03    Computed=16.5769 Source=8.0700 Diff=8.5069 Category=data source issue
ICICIPRULI      2020-03    Computed=14.7927 Source=8.0700 Diff=6.7227 Category=data source issue
INDUSINDBK      2021-03    Computed=6.5398 Source=15.2000 Diff=8.6602 Category=data source issue
INDUSINDBK      2022-03    Computed=9.6671 Source=15.2000 Diff=5.5329 Category=data source issue
INFY            2013-03    Computed=24.8171 Source=31.8000 Diff=6.9829 Category=data source issue
INFY            2014-03    Computed=23.9299 Source=31.8000 Diff=7.8701 Category=data source issue
INFY            2015-03    Computed=24.3851 Source=31.8000 Diff=7.4149 Category=data source issue
INFY            2016-03    Computed=21.8467 Source=31.8000 Diff=9.9533 Category=data source issue
INFY            2017-03    Computed=20.8069 Source=31.8000 Diff=10.9931 Category=data source issue
INFY            2018-03    Computed=24.6892 Source=31.8000 Diff=7.1108 Category=data source issue
INFY            2019-03    Computed=23.7267 Source=31.8000 Diff=8.0733 Category=data source issue
INFY            2020-03    Computed=25.4225 Source=31.8000 Diff=6.3775 Category=data source issue
INFY            2021-03    Computed=25.4391 Source=31.8000 Diff=6.3609 Category=data source issue
IOC             2013-03    Computed=5.7538 Source=25.4400 Diff=19.6862 Category=data source issue
IOC             2014-03    Computed=10.2587 Source=25.4400 Diff=15.1813 Category=data source issue
IOC             2015-03    Computed=7.0781 Source=25.4400 Diff=18.3619 Category=data source issue
IOC             2016-03    Computed=13.7953 Source=25.4400 Diff=11.6447 Category=data source issue
IOC             2017-03    Computed=19.9665 Source=25.4400 Diff=5.4735 Category=data source issue
IOC             2018-03    Computed=19.8693 Source=25.4400 Diff=5.5707 Category=data source issue
IOC             2019-03    Computed=15.3589 Source=25.4400 Diff=10.0811 Category=data source issue
IOC             2020-03    Computed=-1.9665 Source=25.4400 Diff=27.4065 Category=data source issue
IOC             2021-03    Computed=19.4585 Source=25.4400 Diff=5.9815 Category=data source issue
IOC             2022-03    Computed=19.2661 Source=25.4400 Diff=6.1739 Category=data source issue
IOC             2023-03    Computed=8.3767 Source=25.4400 Diff=17.0633 Category=data source issue
IRCTC           2015-03    Computed=29.5045 Source=40.4000 Diff=10.8955 Category=data source issue
IRCTC           2016-03    Computed=34.8708 Source=40.4000 Diff=5.5292 Category=data source issue
IRCTC           2017-03    Computed=29.0978 Source=40.4000 Diff=11.3022 Category=data source issue
IRCTC           2018-03    Computed=23.1414 Source=40.4000 Diff=17.2586 Category=data source issue
IRCTC           2019-03    Computed=28.8515 Source=40.4000 Diff=11.5485 Category=data source issue
IRCTC           2021-03    Computed=12.8434 Source=40.4000 Diff=27.5566 Category=data source issue
IRCTC           2022-03    Computed=35.2941 Source=40.4000 Diff=5.1059 Category=data source issue
IRCTC           2024-03    Computed=34.3963 Source=40.4000 Diff=6.0037 Category=data source issue
IRFC            2013-03    Computed=8.1639 Source=13.7000 Diff=5.5361 Category=data source issue
IRFC            2016-03    Computed=7.3666 Source=13.7000 Diff=6.3334 Category=data source issue
IRFC            2017-03    Computed=7.7775 Source=13.7000 Diff=5.9225 Category=data source issue
ITC             2016-03    Computed=22.2610 Source=29.4700 Diff=7.2090 Category=data source issue
ITC             2017-03    Computed=22.5734 Source=29.4700 Diff=6.8966 Category=data source issue
ITC             2018-03    Computed=21.8873 Source=29.4700 Diff=7.5827 Category=data source issue
ITC             2019-03    Computed=21.7041 Source=29.4700 Diff=7.7659 Category=data source issue
ITC             2020-03    Computed=23.8889 Source=29.4700 Diff=5.5811 Category=data source issue
ITC             2021-03    Computed=22.1767 Source=29.4700 Diff=7.2933 Category=data source issue
JINDALSTEL      2014-03    Computed=8.3857 Source=14.1000 Diff=5.7143 Category=data source issue
JINDALSTEL      2015-03    Computed=-6.9005 Source=14.1000 Diff=21.0005 Category=data source issue
JINDALSTEL      2016-03    Computed=-9.5172 Source=14.1000 Diff=23.6172 Category=data source issue
JINDALSTEL      2017-03    Computed=-8.4456 Source=14.1000 Diff=22.5456 Category=data source issue
JINDALSTEL      2018-03    Computed=-5.3184 Source=14.1000 Diff=19.4184 Category=data source issue
JINDALSTEL      2019-03    Computed=-7.5175 Source=14.1000 Diff=21.6175 Category=data source issue
JINDALSTEL      2020-03    Computed=-1.2447 Source=14.1000 Diff=15.3447 Category=data source issue
JSWENERGY       2013-03    Computed=14.5229 Source=8.4000 Diff=6.1229 Category=data source issue
JSWENERGY       2015-03    Computed=18.0633 Source=8.4000 Diff=9.6633 Category=data source issue
JSWENERGY       2016-03    Computed=15.0453 Source=8.4000 Diff=6.6453 Category=data source issue
JSWENERGY       2018-03    Computed=0.7651 Source=8.4000 Diff=7.6349 Category=data source issue
JSWSTEEL        2013-03    Computed=5.4439 Source=11.6600 Diff=6.2161 Category=data source issue
JSWSTEEL        2014-03    Computed=1.8986 Source=11.6600 Diff=9.7614 Category=data source issue
JSWSTEEL        2016-03    Computed=-2.5361 Source=11.6600 Diff=14.1961 Category=data source issue
JSWSTEEL        2018-03    Computed=21.8337 Source=11.6600 Diff=10.1737 Category=data source issue
JSWSTEEL        2019-03    Computed=21.6238 Source=11.6600 Diff=9.9638 Category=data source issue
JSWSTEEL        2021-03    Computed=16.8356 Source=11.6600 Diff=5.1756 Category=data source issue
JSWSTEEL        2022-03    Computed=31.1128 Source=11.6600 Diff=19.4528 Category=data source issue
JSWSTEEL        2023-03    Computed=6.3003 Source=11.6600 Diff=5.3597 Category=data source issue
LICI            2019-03    Computed=324.3210 Source=63.6100 Diff=260.7110 Category=data source issue
LICI            2020-03    Computed=270.4591 Source=63.6100 Diff=206.8491 Category=data source issue
LICI            2021-03    Computed=43.2016 Source=63.6100 Diff=20.4084 Category=data source issue
LICI            2022-03    Computed=36.3821 Source=63.6100 Diff=27.2279 Category=data source issue
LICI            2023-03    Computed=77.8600 Source=63.6100 Diff=14.2500 Category=data source issue
LICI            2024-03    Computed=49.4471 Source=63.6100 Diff=14.1629 Category=data source issue
LODHA           2011-03    Computed=35.4839 Source=10.7000 Diff=24.7839 Category=data source issue
LODHA           2012-03    Computed=33.8366 Source=10.7000 Diff=23.1366 Category=data source issue
LODHA           2015-03    Computed=24.2259 Source=10.7000 Diff=13.5259 Category=data source issue
LODHA           2016-03    Computed=17.6944 Source=10.7000 Diff=6.9944 Category=data source issue
LODHA           2019-03    Computed=42.8014 Source=10.7000 Diff=32.1014 Category=data source issue
LODHA           2020-03    Computed=16.3005 Source=10.7000 Diff=5.6005 Category=data source issue
LODHA           2021-03    Computed=1.0437 Source=10.7000 Diff=9.6563 Category=data source issue
LODHA           2023-03    Computed=3.8695 Source=10.7000 Diff=6.8305 Category=data source issue
LT              2013-03    Computed=395.1456 Source=10.4900 Diff=384.6556 Category=data source issue
LT              2014-03    Computed=303.4161 Source=10.4900 Diff=292.9261 Category=data source issue
LT              2015-03    Computed=245.1135 Source=10.4900 Diff=234.6235 Category=data source issue
LT              2016-03    Computed=216.0941 Source=10.4900 Diff=205.6041 Category=data source issue
LT              2017-03    Computed=206.2977 Source=10.4900 Diff=195.8077 Category=data source issue
LT              2018-03    Computed=207.3575 Source=10.4900 Diff=196.8675 Category=data source issue
LT              2019-03    Computed=208.8085 Source=10.4900 Diff=198.3185 Category=data source issue
LT              2020-03    Computed=201.5914 Source=10.4900 Diff=191.1014 Category=data source issue
LT              2021-03    Computed=176.9031 Source=10.4900 Diff=166.4131 Category=data source issue
LT              2022-03    Computed=72.9213 Source=10.4900 Diff=62.4313 Category=data source issue
LT              2023-03    Computed=75.5243 Source=10.4900 Diff=65.0343 Category=data source issue
LT              2024-03    Computed=77.6651 Source=10.4900 Diff=67.1751 Category=data source issue
LTIM            2013-03    Computed=41.9716 Source=26.0400 Diff=15.9316 Category=data source issue
LTIM            2014-03    Computed=61.8634 Source=26.0400 Diff=35.8234 Category=data source issue
LTIM            2015-03    Computed=37.9566 Source=26.0400 Diff=11.9166 Category=data source issue
LTIM            2016-03    Computed=39.3412 Source=26.0400 Diff=13.3012 Category=data source issue
M&M             2020-03    Computed=-0.8031 Source=17.9900 Diff=18.7931 Category=data source issue
M&M             2021-03    Computed=3.6362 Source=17.9900 Diff=14.3538 Category=data source issue
MARUTI          2021-03    Computed=8.3598 Source=15.7500 Diff=7.3902 Category=data source issue
MARUTI          2022-03    Computed=7.0121 Source=15.7500 Diff=8.7379 Category=data source issue
MOTHERSON       2013-03    Computed=19.7466 Source=11.8000 Diff=7.9466 Category=data source issue
MOTHERSON       2014-03    Computed=37.0733 Source=11.8000 Diff=25.2733 Category=data source issue
MOTHERSON       2015-03    Computed=38.8688 Source=11.8000 Diff=27.0688 Category=data source issue
MOTHERSON       2016-03    Computed=40.3457 Source=11.8000 Diff=28.5457 Category=data source issue
MOTHERSON       2017-03    Computed=26.2573 Source=11.8000 Diff=14.4573 Category=data source issue
MOTHERSON       2018-03    Computed=22.8652 Source=11.8000 Diff=11.0652 Category=data source issue
MOTHERSON       2019-03    Computed=19.1371 Source=11.8000 Diff=7.3371 Category=data source issue
MOTHERSON       2022-03    Computed=5.7412 Source=11.8000 Diff=6.0588 Category=data source issue
NAUKRI          2013-03    Computed=12.5000 Source=2.4400 Diff=10.0600 Category=data source issue
NAUKRI          2014-03    Computed=8.9286 Source=2.4400 Diff=6.4886 Category=data source issue
NAUKRI          2016-03    Computed=7.6474 Source=2.4400 Diff=5.2074 Category=data source issue
NAUKRI          2017-03    Computed=-2.7010 Source=2.4400 Diff=5.1410 Category=data source issue
NAUKRI          2018-03    Computed=24.4988 Source=2.4400 Diff=22.0588 Category=data source issue
NAUKRI          2019-03    Computed=23.2796 Source=2.4400 Diff=20.8396 Category=data source issue
NAUKRI          2020-03    Computed=-11.2073 Source=2.4400 Diff=13.6473 Category=data source issue
NAUKRI          2021-03    Computed=26.2787 Source=2.4400 Diff=23.8387 Category=data source issue
NAUKRI          2022-03    Computed=74.7129 Source=2.4400 Diff=72.2729 Category=data source issue
NESTLEIND       2013-12    Computed=47.1706 Source=135.6100 Diff=88.4394 Category=data source issue
NESTLEIND       2014-12    Computed=41.7695 Source=135.6100 Diff=93.8405 Category=data source issue
NESTLEIND       2015-12    Computed=19.9858 Source=135.6100 Diff=115.6242 Category=data source issue
NESTLEIND       2016-12    Computed=30.4997 Source=135.6100 Diff=105.1103 Category=data source issue
NESTLEIND       2017-12    Computed=35.8187 Source=135.6100 Diff=99.7913 Category=data source issue
NESTLEIND       2018-12    Computed=43.7517 Source=135.6100 Diff=91.8583 Category=data source issue
NESTLEIND       2019-12    Computed=102.6069 Source=135.6100 Diff=33.0031 Category=data source issue
NESTLEIND       2020-12    Computed=103.1204 Source=135.6100 Diff=32.4896 Category=data source issue
NESTLEIND       2021-12    Computed=108.8386 Source=135.6100 Diff=26.7714 Category=data source issue
NESTLEIND       2022-12    Computed=97.2346 Source=135.6100 Diff=38.3754 Category=data source issue
NESTLEIND       2023-12    Computed=121.9601 Source=135.6100 Diff=13.6499 Category=data source issue
NESTLEIND       2024-03    Computed=117.7545 Source=135.6100 Diff=17.8555 Category=data source issue
ONGC            2016-03    Computed=6.6234 Source=14.3200 Diff=7.6966 Category=data source issue
ONGC            2020-03    Computed=5.5855 Source=14.3200 Diff=8.7345 Category=data source issue
PFC             2017-03    Computed=6.0687 Source=19.4900 Diff=13.4213 Category=data source issue
PFC             2019-03    Computed=26.8246 Source=19.4900 Diff=7.3346 Category=data source issue
PFC             2021-03    Computed=25.8627 Source=19.4900 Diff=6.3727 Category=data source issue
PFC             2022-03    Computed=26.1845 Source=19.4900 Diff=6.6945 Category=data source issue
PFC             2023-03    Computed=25.1658 Source=19.4900 Diff=5.6758 Category=data source issue
PFC             2024-03    Computed=26.1609 Source=19.4900 Diff=6.6709 Category=data source issue
PIDILITIND      2016-03    Computed=30.5914 Source=22.8000 Diff=7.7914 Category=data source issue
PNB             2013-03    Computed=812.2977 Source=8.7000 Diff=803.5977 Category=data source issue
PNB             2014-03    Computed=393.3619 Source=8.7000 Diff=384.6619 Category=data source issue
PNB             2015-03    Computed=223.2426 Source=8.7000 Diff=214.5426 Category=data source issue
PNB             2016-03    Computed=-163.5601 Source=8.7000 Diff=172.2601 Category=data source issue
PNB             2017-03    Computed=22.2123 Source=8.7000 Diff=13.5123 Category=data source issue
PNB             2018-03    Computed=-184.3660 Source=8.7000 Diff=193.0660 Category=data source issue
PNB             2019-03    Computed=-128.4465 Source=8.7000 Diff=137.1465 Category=data source issue
PNB             2021-03    Computed=30.3936 Source=8.7000 Diff=21.6936 Category=data source issue
PNB             2022-03    Computed=39.8735 Source=8.7000 Diff=31.1735 Category=data source issue
PNB             2023-03    Computed=30.6674 Source=8.7000 Diff=21.9674 Category=data source issue
PNB             2024-03    Computed=61.3206 Source=8.7000 Diff=52.6206 Category=data source issue
POWERGRID       2014-03    Computed=13.1074 Source=19.0000 Diff=5.8926 Category=data source issue
POWERGRID       2015-03    Computed=13.1273 Source=19.0000 Diff=5.8727 Category=data source issue
POWERGRID       2016-03    Computed=13.5524 Source=19.0000 Diff=5.4476 Category=data source issue
RECLTD          2018-03    Computed=13.6584 Source=22.2000 Diff=8.5416 Category=data source issue
RECLTD          2019-03    Computed=16.6184 Source=22.2000 Diff=5.5816 Category=data source issue
RECLTD          2020-03    Computed=14.0464 Source=22.2000 Diff=8.1536 Category=data source issue
SBILIFE         2013-03    Computed=23.0263 Source=12.0000 Diff=11.0263 Category=data source issue
SBILIFE         2014-03    Computed=21.6925 Source=12.0000 Diff=9.6925 Category=data source issue
SBILIFE         2015-03    Computed=20.0937 Source=12.0000 Diff=8.0937 Category=data source issue
SBILIFE         2016-03    Computed=17.8322 Source=12.0000 Diff=5.8322 Category=data source issue
SBILIFE         2017-03    Computed=17.2010 Source=12.0000 Diff=5.2010 Category=data source issue
SBILIFE         2018-03    Computed=17.6164 Source=12.0000 Diff=5.6164 Category=data source issue
SBILIFE         2019-03    Computed=17.5158 Source=12.0000 Diff=5.5158 Category=data source issue
SHREECEM        2013-06    Computed=26.1186 Source=12.2000 Diff=13.9186 Category=data source issue
SHREECEM        2017-03    Computed=17.3941 Source=12.2000 Diff=5.1941 Category=data source issue
SHRIRAMFIN      2022-03    Computed=10.4273 Source=15.9000 Diff=5.4727 Category=data source issue
SIEMENS         2014-09    Computed=13.7829 Source=19.1000 Diff=5.3171 Category=data source issue
SIEMENS         2016-09    Computed=42.8340 Source=19.1000 Diff=23.7340 Category=data source issue
SIEMENS         2018-09    Computed=10.8567 Source=19.1000 Diff=8.2433 Category=data source issue
SIEMENS         2019-09    Computed=12.1450 Source=19.1000 Diff=6.9550 Category=data source issue
SIEMENS         2020-09    Computed=8.1016 Source=19.1000 Diff=10.9984 Category=data source issue
SIEMENS         2021-09    Computed=10.5248 Source=19.1000 Diff=8.5752 Category=data source issue
SIEMENS         2022-09    Computed=13.2903 Source=19.1000 Diff=5.8097 Category=data source issue
SUNPHARMA       2013-03    Computed=23.1421 Source=16.7000 Diff=6.4421 Category=data source issue
SUNPHARMA       2018-03    Computed=6.6347 Source=16.7000 Diff=10.0653 Category=data source issue
SUNPHARMA       2019-03    Computed=7.7471 Source=16.7000 Diff=8.9529 Category=data source issue
SUNPHARMA       2020-03    Computed=9.2168 Source=16.7000 Diff=7.4832 Category=data source issue
SUNPHARMA       2021-03    Computed=4.8899 Source=16.7000 Diff=11.8101 Category=data source issue
SUNPHARMA       2022-03    Computed=7.0588 Source=16.7000 Diff=9.6412 Category=data source issue
TATACONSUM      2016-03    Computed=-0.5923 Source=8.3200 Diff=8.9123 Category=data source issue
TATAMOTORS      2013-03    Computed=26.5058 Source=49.4000 Diff=22.8942 Category=data source issue
TATAMOTORS      2014-03    Computed=21.4164 Source=49.4000 Diff=27.9836 Category=data source issue
TATAMOTORS      2015-03    Computed=25.0133 Source=49.4000 Diff=24.3867 Category=data source issue
TATAMOTORS      2016-03    Computed=14.7913 Source=49.4000 Diff=34.6087 Category=data source issue
TATAMOTORS      2017-03    Computed=13.0154 Source=49.4000 Diff=36.3846 Category=data source issue
TATAMOTORS      2018-03    Computed=9.5266 Source=49.4000 Diff=39.8734 Category=data source issue
TATAMOTORS      2019-03    Computed=-47.7309 Source=49.4000 Diff=97.1309 Category=data source issue
TATAMOTORS      2020-03    Computed=-18.9841 Source=49.4000 Diff=68.3841 Category=data source issue
TATAMOTORS      2021-03    Computed=-24.2457 Source=49.4000 Diff=73.6457 Category=data source issue
TATAMOTORS      2022-03    Computed=-25.3787 Source=49.4000 Diff=74.7787 Category=data source issue
TATAMOTORS      2023-03    Computed=5.9353 Source=49.4000 Diff=43.4647 Category=data source issue
TATAMOTORS      2024-03    Computed=37.4561 Source=49.4000 Diff=11.9439 Category=data source issue
TATAPOWER       2013-03    Computed=0.9972 Source=11.3000 Diff=10.3028 Category=data source issue
TATAPOWER       2014-03    Computed=0.0968 Source=11.3000 Diff=11.2032 Category=data source issue
TATAPOWER       2015-03    Computed=3.1918 Source=11.3000 Diff=8.1082 Category=data source issue
TATASTEEL       2013-03    Computed=-21.2806 Source=6.5500 Diff=27.8306 Category=data source issue
TATASTEEL       2015-03    Computed=-12.5650 Source=6.5500 Diff=19.1150 Category=data source issue
TATASTEEL       2016-03    Computed=-1.1365 Source=6.5500 Diff=7.6865 Category=data source issue
TATASTEEL       2017-03    Computed=-11.0236 Source=6.5500 Diff=17.5736 Category=data source issue
TATASTEEL       2018-03    Computed=29.1485 Source=6.5500 Diff=22.5985 Category=data source issue
TATASTEEL       2019-03    Computed=13.2347 Source=6.5500 Diff=6.6847 Category=data source issue
TATASTEEL       2022-03    Computed=36.4802 Source=6.5500 Diff=29.9302 Category=data source issue
TATASTEEL       2024-03    Computed=-5.3349 Source=6.5500 Diff=11.8849 Category=data source issue
TCS             2013-03    Computed=36.5174 Source=0.5200 Diff=35.9974 Category=data source issue
TCS             2014-03    Computed=39.2967 Source=0.5200 Diff=38.7767 Category=data source issue
TCS             2015-03    Computed=39.6169 Source=0.5200 Diff=39.0969 Category=data source issue
TCS             2016-03    Computed=34.2441 Source=0.5200 Diff=33.7241 Category=data source issue
TCS             2017-03    Computed=30.5716 Source=0.5200 Diff=30.0516 Category=data source issue
TCS             2018-03    Computed=30.4013 Source=0.5200 Diff=29.8813 Category=data source issue
TCS             2019-03    Computed=35.2861 Source=0.5200 Diff=34.7661 Category=data source issue
TCS             2020-03    Computed=38.5695 Source=0.5200 Diff=38.0495 Category=data source issue
TCS             2021-03    Computed=37.6731 Source=0.5200 Diff=37.1531 Category=data source issue
TCS             2022-03    Computed=43.1338 Source=0.5200 Diff=42.6138 Category=data source issue
TCS             2023-03    Computed=46.7829 Source=0.5200 Diff=46.2629 Category=data source issue
TCS             2024-03    Computed=50.9443 Source=0.5200 Diff=50.4243 Category=data source issue
TECHM           2013-03    Computed=24.0877 Source=8.6300 Diff=15.4577 Category=data source issue
TECHM           2014-03    Computed=33.3479 Source=8.6300 Diff=24.7179 Category=data source issue
TECHM           2015-03    Computed=21.7097 Source=8.6300 Diff=13.0797 Category=data source issue
TECHM           2016-03    Computed=20.7457 Source=8.6300 Diff=12.1157 Category=data source issue
TECHM           2017-03    Computed=17.3450 Source=8.6300 Diff=8.7150 Category=data source issue
TECHM           2018-03    Computed=20.0923 Source=8.6300 Diff=11.4623 Category=data source issue
TECHM           2019-03    Computed=21.1437 Source=8.6300 Diff=12.5137 Category=data source issue
TECHM           2020-03    Computed=17.8655 Source=8.6300 Diff=9.2355 Category=data source issue
TECHM           2021-03    Computed=17.5065 Source=8.6300 Diff=8.8765 Category=data source issue
TECHM           2022-03    Computed=20.9403 Source=8.6300 Diff=12.3103 Category=data source issue
TECHM           2023-03    Computed=17.3936 Source=8.6300 Diff=8.7636 Category=data source issue
TITAN           2015-03    Computed=26.4591 Source=32.9000 Diff=6.4409 Category=data source issue
TITAN           2016-03    Computed=19.2472 Source=32.9000 Diff=13.6528 Category=data source issue
TITAN           2017-03    Computed=16.4659 Source=32.9000 Diff=16.4341 Category=data source issue
TITAN           2018-03    Computed=21.6503 Source=32.9000 Diff=11.2497 Category=data source issue
TITAN           2019-03    Computed=22.8830 Source=32.9000 Diff=10.0170 Category=data source issue
TITAN           2020-03    Computed=22.3872 Source=32.9000 Diff=10.5128 Category=data source issue
TITAN           2021-03    Computed=12.9919 Source=32.9000 Diff=19.9081 Category=data source issue
TITAN           2022-03    Computed=23.6268 Source=32.9000 Diff=9.2732 Category=data source issue
TITAN           2023-03    Computed=27.6264 Source=32.9000 Diff=5.2736 Category=data source issue
TORNTPHARM      2013-03    Computed=30.5907 Source=24.2000 Diff=6.3907 Category=data source issue
TORNTPHARM      2014-03    Computed=34.8923 Source=24.2000 Diff=10.6923 Category=data source issue
TORNTPHARM      2015-03    Computed=30.1485 Source=24.2000 Diff=5.9485 Category=data source issue
TORNTPHARM      2016-03    Computed=49.5993 Source=24.2000 Diff=25.3993 Category=data source issue
TORNTPHARM      2018-03    Computed=14.6658 Source=24.2000 Diff=9.5342 Category=data source issue
TORNTPHARM      2019-03    Computed=9.2275 Source=24.2000 Diff=14.9725 Category=data source issue
TORNTPHARM      2022-03    Computed=13.0522 Source=24.2000 Diff=11.1478 Category=data source issue
TRENT           2013-03    Computed=-2.1933 Source=27.2000 Diff=29.3933 Category=data source issue
TRENT           2014-03    Computed=-1.9173 Source=27.2000 Diff=29.1173 Category=data source issue
TRENT           2015-03    Computed=9.0717 Source=27.2000 Diff=18.1283 Category=data source issue
TRENT           2016-03    Computed=3.7568 Source=27.2000 Diff=23.4432 Category=data source issue
TRENT           2017-03    Computed=5.4945 Source=27.2000 Diff=21.7055 Category=data source issue
TRENT           2018-03    Computed=5.4545 Source=27.2000 Diff=21.7455 Category=data source issue
TRENT           2019-03    Computed=5.7716 Source=27.2000 Diff=21.4284 Category=data source issue
TRENT           2020-03    Computed=4.4389 Source=27.2000 Diff=22.7611 Category=data source issue
TRENT           2021-03    Computed=-7.8253 Source=27.2000 Diff=35.0253 Category=data source issue
TRENT           2022-03    Computed=1.4805 Source=27.2000 Diff=25.7195 Category=data source issue
TRENT           2023-03    Computed=15.1772 Source=27.2000 Diff=12.0228 Category=data source issue
TRENT           2024-03    Computed=36.3078 Source=27.2000 Diff=9.1078 Category=data source issue

Total ROE anomalies: 528

==========================================================================================
FINANCIAL-SECTOR LEVERAGE CHECK
==========================================================================================
PASS - No Financials company has high_leverage_flag = 1

Financial-sector leverage violations: 0

==========================================================================================
ROOT-CAUSE NOTES
==========================================================================================
BEL investigation: Balance Sheet equity/reserves/borrowings values are much smaller in scale than P&L operating-profit values, producing extremely high computed ROCE/ROE values.
HAL investigation: Similar scale inconsistency exists between Balance Sheet capital values and P&L profit values.
INDIGO investigation: Several raw P&L OPM values are themselves inconsistent with sales and operating-profit values, indicating source-data quality/extraction problems.
These observations support DATA SOURCE ISSUE as the primary classification for the extreme ROCE/ROE anomalies.
No financial-ratio database values were overwritten during the Day 13 investigation.

==========================================================================================
DAY 13 EDGE CASE INVESTIGATION COMPLETE
==========================================================================================
